{"v":"4.10.1","fr":29.9700012207031,"ip":0,"op":82.0000033399285,"w":1600,"h":800,"nm":"contact","ddd":0,"assets":[],"fonts":{"list":[{"fName":"IRYekan","fFamily":"IRYekan","fStyle":"Regular","ascent":57.2998046875}]},"layers":[{"ddd":0,"ind":1,"ty":4,"nm":"Shape Layer 9","parent":10,"sr":1,"ks":{"o":{"a":0,"k":100,"ix":11},"r":{"a":0,"k":0,"ix":10},"p":{"a":0,"k":[4,2,0],"ix":2},"a":{"a":0,"k":[-259,13,0],"ix":1},"s":{"a":1,"k":[{"i":{"x":[0.203,0.203,0.667],"y":[1,1,1]},"o":{"x":[0.741,0.741,0.333],"y":[0,0,0]},"n":["0p203_1_0p741_0","0p203_1_0p741_0","0p667_1_0p333_0"],"t":53,"s":[100,100,100],"e":[252,252,100]},{"t":71.0000028918893}],"ix":6}},"ao":0,"shapes":[{"ty":"gr","it":[{"d":1,"ty":"el","s":{"a":0,"k":[306,306],"ix":2},"p":{"a":0,"k":[0,0],"ix":3},"nm":"Ellipse Path 1","mn":"ADBE Vector Shape - Ellipse","hd":false},{"ty":"tm","s":{"a":0,"k":0,"ix":1},"e":{"a":0,"k":25,"ix":2},"o":{"a":0,"k":0,"ix":3},"m":1,"ix":2,"nm":"Trim Paths 1","mn":"ADBE Vector Filter - Trim","hd":false},{"ty":"st","c":{"a":0,"k":[0,0,0,1],"ix":3},"o":{"a":0,"k":100,"ix":4},"w":{"a":1,"k":[{"i":{"x":[0.203],"y":[1]},"o":{"x":[0.741],"y":[0]},"n":["0p203_1_0p741_0"],"t":53,"s":[75],"e":[24]},{"t":71.0000028918893}],"ix":5},"lc":2,"lj":1,"ml":4,"nm":"Stroke 1","mn":"ADBE Vector Graphic - Stroke","hd":false},{"ty":"tr","p":{"a":0,"k":[-259,13],"ix":2},"a":{"a":0,"k":[0,0],"ix":1},"s":{"a":0,"k":[12.41,12.41],"ix":3},"r":{"a":0,"k":-90,"ix":6},"o":{"a":0,"k":100,"ix":7},"sk":{"a":0,"k":0,"ix":4},"sa":{"a":0,"k":0,"ix":5},"nm":"Transform"}],"nm":"Ellipse 1","np":4,"cix":2,"ix":1,"mn":"ADBE Vector Group","hd":false}],"ip":53.0000021587343,"op":113.000004602584,"st":23.0000009368092,"bm":0},{"ddd":0,"ind":2,"ty":4,"nm":"Shape Layer 8","parent":10,"sr":1,"ks":{"o":{"a":0,"k":100,"ix":11},"r":{"a":0,"k":0,"ix":10},"p":{"a":0,"k":[4,2,0],"ix":2},"a":{"a":0,"k":[-259,13,0],"ix":1},"s":{"a":1,"k":[{"i":{"x":[0.203,0.203,0.667],"y":[1,1,1]},"o":{"x":[0.741,0.741,0.333],"y":[0,0,0]},"n":["0p203_1_0p741_0","0p203_1_0p741_0","0p667_1_0p333_0"],"t":51,"s":[100,100,100],"e":[442,442,100]},{"t":69.0000028104276}],"ix":6}},"ao":0,"shapes":[{"ty":"gr","it":[{"d":1,"ty":"el","s":{"a":0,"k":[306,306],"ix":2},"p":{"a":0,"k":[0,0],"ix":3},"nm":"Ellipse Path 1","mn":"ADBE Vector Shape - Ellipse","hd":false},{"ty":"tm","s":{"a":0,"k":0,"ix":1},"e":{"a":0,"k":25,"ix":2},"o":{"a":0,"k":0,"ix":3},"m":1,"ix":2,"nm":"Trim Paths 1","mn":"ADBE Vector Filter - Trim","hd":false},{"ty":"st","c":{"a":0,"k":[0,0,0,1],"ix":3},"o":{"a":0,"k":100,"ix":4},"w":{"a":1,"k":[{"i":{"x":[0.203],"y":[1]},"o":{"x":[0.741],"y":[0]},"n":["0p203_1_0p741_0"],"t":51,"s":[75],"e":[16]},{"t":69.0000028104276}],"ix":5},"lc":2,"lj":1,"ml":4,"nm":"Stroke 1","mn":"ADBE Vector Graphic - Stroke","hd":false},{"ty":"tr","p":{"a":0,"k":[-259,13],"ix":2},"a":{"a":0,"k":[0,0],"ix":1},"s":{"a":0,"k":[12.41,12.41],"ix":3},"r":{"a":0,"k":-90,"ix":6},"o":{"a":0,"k":100,"ix":7},"sk":{"a":0,"k":0,"ix":4},"sa":{"a":0,"k":0,"ix":5},"nm":"Transform"}],"nm":"Ellipse 1","np":4,"cix":2,"ix":1,"mn":"ADBE Vector Group","hd":false}],"ip":51.0000020772726,"op":111.000004521123,"st":21.0000008553475,"bm":0},{"ddd":0,"ind":3,"ty":4,"nm":"Shape Layer 7","parent":10,"sr":1,"ks":{"o":{"a":0,"k":100,"ix":11},"r":{"a":0,"k":0,"ix":10},"p":{"a":0,"k":[4,2,0],"ix":2},"a":{"a":0,"k":[-259,13,0],"ix":1},"s":{"a":1,"k":[{"i":{"x":[0.203,0.203,0.667],"y":[1,1,1]},"o":{"x":[0.741,0.741,0.333],"y":[0,0,0]},"n":["0p203_1_0p741_0","0p203_1_0p741_0","0p667_1_0p333_0"],"t":49,"s":[100,100,100],"e":[639,639,100]},{"t":69.0000028104276}],"ix":6}},"ao":0,"shapes":[{"ty":"gr","it":[{"d":1,"ty":"el","s":{"a":0,"k":[306,306],"ix":2},"p":{"a":0,"k":[0,0],"ix":3},"nm":"Ellipse Path 1","mn":"ADBE Vector Shape - Ellipse","hd":false},{"ty":"tm","s":{"a":0,"k":0,"ix":1},"e":{"a":0,"k":25,"ix":2},"o":{"a":0,"k":0,"ix":3},"m":1,"ix":2,"nm":"Trim Paths 1","mn":"ADBE Vector Filter - Trim","hd":false},{"ty":"st","c":{"a":0,"k":[0,0,0,1],"ix":3},"o":{"a":0,"k":100,"ix":4},"w":{"a":1,"k":[{"i":{"x":[0.203],"y":[1]},"o":{"x":[0.741],"y":[0]},"n":["0p203_1_0p741_0"],"t":49,"s":[75],"e":[14]},{"t":69.0000028104276}],"ix":5},"lc":2,"lj":1,"ml":4,"nm":"Stroke 1","mn":"ADBE Vector Graphic - Stroke","hd":false},{"ty":"tr","p":{"a":0,"k":[-259,13],"ix":2},"a":{"a":0,"k":[0,0],"ix":1},"s":{"a":0,"k":[12.41,12.41],"ix":3},"r":{"a":0,"k":-90,"ix":6},"o":{"a":0,"k":100,"ix":7},"sk":{"a":0,"k":0,"ix":4},"sa":{"a":0,"k":0,"ix":5},"nm":"Transform"}],"nm":"Ellipse 1","np":4,"cix":2,"ix":1,"mn":"ADBE Vector Group","hd":false}],"ip":49.0000019958109,"op":109.000004439661,"st":19.0000007738859,"bm":0},{"ddd":0,"ind":4,"ty":4,"nm":"Shape Layer 5","sr":1,"ks":{"o":{"a":1,"k":[{"i":{"x":[0.203],"y":[1]},"o":{"x":[0.741],"y":[0]},"n":["0p203_1_0p741_0"],"t":45,"s":[100],"e":[0]},{"t":65.0000026475043}],"ix":11},"r":{"a":0,"k":0,"ix":10},"p":{"a":0,"k":[800,400,0],"ix":2},"a":{"a":0,"k":[-259,13,0],"ix":1},"s":{"a":1,"k":[{"i":{"x":[0.203,0.203,0.667],"y":[1,1,1]},"o":{"x":[0.741,0.741,0.333],"y":[0,0,0]},"n":["0p203_1_0p741_0","0p203_1_0p741_0","0p667_1_0p333_0"],"t":45,"s":[100,100,100],"e":[639,639,100]},{"t":65.0000026475043}],"ix":6}},"ao":0,"shapes":[{"ty":"gr","it":[{"d":1,"ty":"el","s":{"a":0,"k":[306,306],"ix":2},"p":{"a":0,"k":[0,0],"ix":3},"nm":"Ellipse Path 1","mn":"ADBE Vector Shape - Ellipse","hd":false},{"ty":"tm","s":{"a":0,"k":0,"ix":1},"e":{"a":0,"k":25,"ix":2},"o":{"a":0,"k":0,"ix":3},"m":1,"ix":2,"nm":"Trim Paths 1","mn":"ADBE Vector Filter - Trim","hd":false},{"ty":"st","c":{"a":0,"k":[0,0,0,1],"ix":3},"o":{"a":0,"k":100,"ix":4},"w":{"a":1,"k":[{"i":{"x":[0.203],"y":[1]},"o":{"x":[0.741],"y":[0]},"n":["0p203_1_0p741_0"],"t":45,"s":[75],"e":[14]},{"t":65.0000026475043}],"ix":5},"lc":2,"lj":1,"ml":4,"nm":"Stroke 1","mn":"ADBE Vector Graphic - Stroke","hd":false},{"ty":"tr","p":{"a":0,"k":[-259,13],"ix":2},"a":{"a":0,"k":[0,0],"ix":1},"s":{"a":0,"k":[12.41,12.41],"ix":3},"r":{"a":0,"k":-90,"ix":6},"o":{"a":0,"k":100,"ix":7},"sk":{"a":0,"k":0,"ix":4},"sa":{"a":0,"k":0,"ix":5},"nm":"Transform"}],"nm":"Ellipse 1","np":4,"cix":2,"ix":1,"mn":"ADBE Vector Group","hd":false}],"ip":45.0000018328876,"op":105.000004276738,"st":15.0000006109625,"bm":0},{"ddd":0,"ind":5,"ty":4,"nm":"Shape Layer 4","sr":1,"ks":{"o":{"a":1,"k":[{"i":{"x":[0.203],"y":[1]},"o":{"x":[0.741],"y":[0]},"n":["0p203_1_0p741_0"],"t":40,"s":[100],"e":[0]},{"t":60.0000024438501}],"ix":11},"r":{"a":0,"k":0,"ix":10},"p":{"a":0,"k":[800,400,0],"ix":2},"a":{"a":0,"k":[-259,13,0],"ix":1},"s":{"a":1,"k":[{"i":{"x":[0.203,0.203,0.667],"y":[1,1,1]},"o":{"x":[0.741,0.741,0.333],"y":[0,0,0]},"n":["0p203_1_0p741_0","0p203_1_0p741_0","0p667_1_0p333_0"],"t":40,"s":[100,100,100],"e":[639,639,100]},{"t":60.0000024438501}],"ix":6}},"ao":0,"shapes":[{"ty":"gr","it":[{"d":1,"ty":"el","s":{"a":0,"k":[306,306],"ix":2},"p":{"a":0,"k":[0,0],"ix":3},"nm":"Ellipse Path 1","mn":"ADBE Vector Shape - Ellipse","hd":false},{"ty":"tm","s":{"a":0,"k":0,"ix":1},"e":{"a":0,"k":25,"ix":2},"o":{"a":0,"k":0,"ix":3},"m":1,"ix":2,"nm":"Trim Paths 1","mn":"ADBE Vector Filter - Trim","hd":false},{"ty":"st","c":{"a":0,"k":[0,0,0,1],"ix":3},"o":{"a":0,"k":100,"ix":4},"w":{"a":1,"k":[{"i":{"x":[0.203],"y":[1]},"o":{"x":[0.741],"y":[0]},"n":["0p203_1_0p741_0"],"t":40,"s":[75],"e":[14]},{"t":60.0000024438501}],"ix":5},"lc":2,"lj":1,"ml":4,"nm":"Stroke 1","mn":"ADBE Vector Graphic - Stroke","hd":false},{"ty":"tr","p":{"a":0,"k":[-259,13],"ix":2},"a":{"a":0,"k":[0,0],"ix":1},"s":{"a":0,"k":[12.41,12.41],"ix":3},"r":{"a":0,"k":-90,"ix":6},"o":{"a":0,"k":100,"ix":7},"sk":{"a":0,"k":0,"ix":4},"sa":{"a":0,"k":0,"ix":5},"nm":"Transform"}],"nm":"Ellipse 1","np":4,"cix":2,"ix":1,"mn":"ADBE Vector Group","hd":false}],"ip":40.0000016292334,"op":100.000004073084,"st":10.0000004073083,"bm":0},{"ddd":0,"ind":6,"ty":4,"nm":"Shape Layer 3","sr":1,"ks":{"o":{"a":1,"k":[{"i":{"x":[0.203],"y":[1]},"o":{"x":[0.741],"y":[0]},"n":["0p203_1_0p741_0"],"t":35,"s":[100],"e":[0]},{"t":55.0000022401959}],"ix":11},"r":{"a":0,"k":0,"ix":10},"p":{"a":0,"k":[800,400,0],"ix":2},"a":{"a":0,"k":[-259,13,0],"ix":1},"s":{"a":1,"k":[{"i":{"x":[0.203,0.203,0.667],"y":[1,1,1]},"o":{"x":[0.741,0.741,0.333],"y":[0,0,0]},"n":["0p203_1_0p741_0","0p203_1_0p741_0","0p667_1_0p333_0"],"t":35,"s":[100,100,100],"e":[639,639,100]},{"t":55.0000022401959}],"ix":6}},"ao":0,"shapes":[{"ty":"gr","it":[{"d":1,"ty":"el","s":{"a":0,"k":[306,306],"ix":2},"p":{"a":0,"k":[0,0],"ix":3},"nm":"Ellipse Path 1","mn":"ADBE Vector Shape - Ellipse","hd":false},{"ty":"tm","s":{"a":0,"k":0,"ix":1},"e":{"a":0,"k":25,"ix":2},"o":{"a":0,"k":0,"ix":3},"m":1,"ix":2,"nm":"Trim Paths 1","mn":"ADBE Vector Filter - Trim","hd":false},{"ty":"st","c":{"a":0,"k":[0,0,0,1],"ix":3},"o":{"a":0,"k":100,"ix":4},"w":{"a":1,"k":[{"i":{"x":[0.203],"y":[1]},"o":{"x":[0.741],"y":[0]},"n":["0p203_1_0p741_0"],"t":35,"s":[75],"e":[14]},{"t":55.0000022401959}],"ix":5},"lc":2,"lj":1,"ml":4,"nm":"Stroke 1","mn":"ADBE Vector Graphic - Stroke","hd":false},{"ty":"tr","p":{"a":0,"k":[-259,13],"ix":2},"a":{"a":0,"k":[0,0],"ix":1},"s":{"a":0,"k":[12.41,12.41],"ix":3},"r":{"a":0,"k":-90,"ix":6},"o":{"a":0,"k":100,"ix":7},"sk":{"a":0,"k":0,"ix":4},"sa":{"a":0,"k":0,"ix":5},"nm":"Transform"}],"nm":"Ellipse 1","np":4,"cix":2,"ix":1,"mn":"ADBE Vector Group","hd":false}],"ip":35.0000014255792,"op":95.0000038694293,"st":5.00000020365417,"bm":0},{"ddd":0,"ind":7,"ty":4,"nm":"Shape Layer 2","sr":1,"ks":{"o":{"a":1,"k":[{"i":{"x":[0.203],"y":[1]},"o":{"x":[0.741],"y":[0]},"n":["0p203_1_0p741_0"],"t":30,"s":[100],"e":[0]},{"t":50.0000020365418}],"ix":11},"r":{"a":0,"k":0,"ix":10},"p":{"a":0,"k":[800,400,0],"ix":2},"a":{"a":0,"k":[-259,13,0],"ix":1},"s":{"a":1,"k":[{"i":{"x":[0.203,0.203,0.667],"y":[1,1,1]},"o":{"x":[0.741,0.741,0.333],"y":[0,0,0]},"n":["0p203_1_0p741_0","0p203_1_0p741_0","0p667_1_0p333_0"],"t":30,"s":[100,100,100],"e":[639,639,100]},{"t":50.0000020365418}],"ix":6}},"ao":0,"shapes":[{"ty":"gr","it":[{"d":1,"ty":"el","s":{"a":0,"k":[306,306],"ix":2},"p":{"a":0,"k":[0,0],"ix":3},"nm":"Ellipse Path 1","mn":"ADBE Vector Shape - Ellipse","hd":false},{"ty":"tm","s":{"a":0,"k":0,"ix":1},"e":{"a":0,"k":25,"ix":2},"o":{"a":0,"k":0,"ix":3},"m":1,"ix":2,"nm":"Trim Paths 1","mn":"ADBE Vector Filter - Trim","hd":false},{"ty":"st","c":{"a":0,"k":[0,0,0,1],"ix":3},"o":{"a":0,"k":100,"ix":4},"w":{"a":1,"k":[{"i":{"x":[0.203],"y":[1]},"o":{"x":[0.741],"y":[0]},"n":["0p203_1_0p741_0"],"t":30,"s":[75],"e":[14]},{"t":50.0000020365418}],"ix":5},"lc":2,"lj":1,"ml":4,"nm":"Stroke 1","mn":"ADBE Vector Graphic - Stroke","hd":false},{"ty":"tr","p":{"a":0,"k":[-259,13],"ix":2},"a":{"a":0,"k":[0,0],"ix":1},"s":{"a":0,"k":[12.41,12.41],"ix":3},"r":{"a":0,"k":-90,"ix":6},"o":{"a":0,"k":100,"ix":7},"sk":{"a":0,"k":0,"ix":4},"sa":{"a":0,"k":0,"ix":5},"nm":"Transform"}],"nm":"Ellipse 1","np":4,"cix":2,"ix":1,"mn":"ADBE Vector Group","hd":false}],"ip":30.0000012219251,"op":90.0000036657752,"st":0,"bm":0},{"ddd":0,"ind":8,"ty":4,"nm":"phone","parent":10,"sr":1,"ks":{"o":{"a":0,"k":100,"ix":11},"r":{"a":0,"k":-90,"ix":10},"p":{"a":1,"k":[{"i":{"x":0.833,"y":0.833},"o":{"x":0.167,"y":0.167},"n":"0p833_0p833_0p167_0p167","t":67,"s":[4,0.5,0],"e":[4,0.5,0],"to":[0,0,0],"ti":[0,0,0]},{"t":80.0000032584668}],"ix":2},"a":{"a":0,"k":[0,0,0],"ix":1},"s":{"a":0,"k":[266.352,266.352,100],"ix":6}},"ao":0,"shapes":[{"ty":"gr","it":[{"ind":0,"ty":"sh","ix":1,"ks":{"a":0,"k":{"i":[[3.883,2.912],[3.108,-12.433],[-5.5,-6.5],[-10.25,-7.25],[-9.25,3],[-0.937,4.683],[5.75,5.75],[2.497,0.277],[5.5,-0.5],[4.543,4.543],[-0.484,5.002],[1.082,7.572],[0,0]],"o":[[-2,-1.5],[-2.75,11],[5.5,6.5],[12.91,9.132],[5.232,-1.697],[0.5,-2.5],[-2.85,-2.85],[-4.5,-0.5],[-3.506,0.319],[-4.125,-4.125],[0.75,-7.75],[-0.25,-1.75],[0,0]],"v":[[-39.25,-42],[-57.25,-21],[-38,18.5],[-8.75,47.25],[25.5,58],[43,43],[30.812,28.5],[16,16],[4.5,24.25],[-13.375,11],[-22.5,-3.5],[-14,-16.75],[-25.75,-29.5]],"c":true},"ix":2},"nm":"Path 1","mn":"ADBE Vector Shape - Group","hd":false},{"ty":"st","c":{"a":0,"k":[0,0,0,1],"ix":3},"o":{"a":0,"k":100,"ix":4},"w":{"a":0,"k":4,"ix":5},"lc":2,"lj":1,"ml":4,"nm":"Stroke 1","mn":"ADBE Vector Graphic - Stroke","hd":false},{"ty":"fl","c":{"a":0,"k":[0.207843137255,0.78431372549,0.611764705882,1],"ix":4},"o":{"a":1,"k":[{"i":{"x":[0.833],"y":[0.833]},"o":{"x":[0.167],"y":[0.167]},"n":["0p833_0p833_0p167_0p167"],"t":0,"s":[0],"e":[0]},{"i":{"x":[0.833],"y":[0.833]},"o":{"x":[0.167],"y":[0.167]},"n":["0p833_0p833_0p167_0p167"],"t":25,"s":[0],"e":[100]},{"t":26.0000010590017}],"ix":5},"r":1,"nm":"Fill 1","mn":"ADBE Vector Graphic - Fill","hd":false},{"ty":"tr","p":{"a":0,"k":[0,0],"ix":2},"a":{"a":0,"k":[0,0],"ix":1},"s":{"a":0,"k":[100,100],"ix":3},"r":{"a":0,"k":0,"ix":6},"o":{"a":0,"k":100,"ix":7},"sk":{"a":0,"k":0,"ix":4},"sa":{"a":0,"k":0,"ix":5},"nm":"Transform"}],"nm":"Shape 1","np":3,"cix":2,"ix":1,"mn":"ADBE Vector Group","hd":false},{"ty":"tm","s":{"a":0,"k":0,"ix":1},"e":{"a":1,"k":[{"i":{"x":[0.833],"y":[0.833]},"o":{"x":[0.167],"y":[0.167]},"n":["0p833_0p833_0p167_0p167"],"t":0,"s":[0],"e":[100]},{"t":25.0000010182709}],"ix":2},"o":{"a":0,"k":0,"ix":3},"m":1,"ix":2,"nm":"Trim Paths 1","mn":"ADBE Vector Filter - Trim","hd":false}],"ip":0,"op":90.0000036657751,"st":0,"bm":0},{"ddd":0,"ind":9,"ty":4,"nm":"shadow","parent":10,"sr":1,"ks":{"o":{"a":1,"k":[{"i":{"x":[0.667],"y":[1]},"o":{"x":[0.333],"y":[0]},"n":["0p667_1_0p333_0"],"t":0,"s":[0],"e":[24]},{"t":30.0000012219251}],"ix":11},"r":{"a":0,"k":0,"ix":10},"p":{"a":0,"k":[-25,202,0],"ix":2},"a":{"a":0,"k":[0,0,0],"ix":1},"s":{"a":1,"k":[{"i":{"x":[0.667,0.667,0.667],"y":[1,1,1]},"o":{"x":[0.333,0.333,0.333],"y":[0,0,0]},"n":["0p667_1_0p333_0","0p667_1_0p333_0","0p667_1_0p333_0"],"t":0,"s":[0,100,100],"e":[100,100,100]},{"t":30.0000012219251}],"ix":6}},"ao":0,"shapes":[{"ty":"gr","it":[{"d":1,"ty":"el","s":{"a":0,"k":[302,18],"ix":2},"p":{"a":0,"k":[0,0],"ix":3},"nm":"Ellipse Path 1","mn":"ADBE Vector Shape - Ellipse","hd":false},{"ty":"fl","c":{"a":0,"k":[0.462745098039,0.462745098039,0.462745098039,1],"ix":4},"o":{"a":0,"k":100,"ix":5},"r":1,"nm":"Fill 1","mn":"ADBE Vector Graphic - Fill","hd":false},{"ty":"tr","p":{"a":0,"k":[29,105],"ix":2},"a":{"a":0,"k":[0,0],"ix":1},"s":{"a":0,"k":[100,100],"ix":3},"r":{"a":0,"k":0,"ix":6},"o":{"a":0,"k":100,"ix":7},"sk":{"a":0,"k":0,"ix":4},"sa":{"a":0,"k":0,"ix":5},"nm":"Transform"}],"nm":"Ellipse 1","np":3,"cix":2,"ix":1,"mn":"ADBE Vector Group","hd":false}],"ip":0,"op":90.0000036657751,"st":0,"bm":0},{"ddd":0,"ind":10,"ty":3,"nm":"circle","sr":1,"ks":{"o":{"a":0,"k":100,"ix":11},"r":{"a":0,"k":0,"ix":10},"p":{"a":1,"k":[{"i":{"x":0.328,"y":1},"o":{"x":0.859,"y":0},"n":"0p328_1_0p859_0","t":67,"s":[796,398,0],"e":[1202,398,0],"to":[67.6666641235352,0,0],"ti":[-67.6666641235352,0,0]},{"t":80.0000032584668}],"ix":2},"a":{"a":0,"k":[0,0,0],"ix":1},"s":{"a":0,"k":[100,100,100],"ix":6}},"ao":0,"ip":0,"op":90.0000036657751,"st":0,"bm":0},{"ddd":0,"ind":11,"ty":5,"nm":"Contact Us","parent":12,"sr":1,"ks":{"o":{"a":0,"k":100,"ix":11},"r":{"a":0,"k":0,"ix":10},"p":{"a":0,"k":[-287.208,-2.055,0],"ix":2},"a":{"a":0,"k":[0,0,0],"ix":1},"s":{"a":0,"k":[100,100,100],"ix":6}},"ao":0,"t":{"d":{"k":[{"s":{"s":143,"f":"IRYekan","t":"Contact Us","j":2,"tr":0,"lh":171.6,"ls":0,"fc":[0,0,0]},"t":0}]},"p":{},"m":{"g":1,"a":{"a":0,"k":[0,0],"ix":2}},"a":[]},"ip":71.0000028918893,"op":90.0000036657751,"st":0,"bm":0},{"ddd":0,"ind":12,"ty":3,"nm":"ÃÂ§ÃÂ±ÃÂªÃÂ¨ÃÂ§ÃÂ· ÃÂ¨ÃÂ§ ÃÂÃÂ§ Outlines","sr":1,"ks":{"o":{"a":0,"k":100,"ix":11},"r":{"a":0,"k":0,"ix":10},"p":{"a":1,"k":[{"i":{"x":0.328,"y":1},"o":{"x":0.859,"y":0},"n":"0p328_1_0p859_0","t":64,"s":[713,400,0],"e":[492,400,0],"to":[-36.8333320617676,0,0],"ti":[36.8333320617676,0,0]},{"t":79.9762532574995}],"ix":2},"a":{"a":0,"k":[-286.426,-29.976,0],"ix":1},"s":{"a":0,"k":[100,100,100],"ix":6}},"ao":0,"ip":71.0000028918893,"op":90.0000036657751,"st":0,"bm":0}],"chars":[{"ch":"C","size":143,"style":"Regular","w":57.76,"data":{"shapes":[{"ty":"gr","it":[{"ind":0,"ty":"sh","ix":1,"ks":{"a":0,"k":{"i":[[0,0],[2.913,-2.425],[4.297,0],[2.962,1.758],[1.416,3.597],[0,4.948],[-0.277,1.823],[-0.619,1.758],[-1.058,1.449],[-1.449,1.009],[-1.855,0.554],[-2.246,0],[-2.49,-1.888],[-1.367,-4.166],[0,0],[1.367,2.068],[1.92,1.416],[2.425,0.749],[2.864,0],[3.336,-1.35],[2.457,-2.539],[1.367,-3.645],[-0.13,-4.492],[-1.953,-4.785],[-3.906,-2.506],[-6.12,0],[-2.556,0.813],[-2.019,1.611],[-1.465,2.393],[-0.781,3.125]],"o":[[-1.074,4.851],[-2.914,2.425],[-3.484,0],[-3.027,-1.823],[-1.416,-3.596],[0,-1.92],[0.276,-1.823],[0.618,-1.758],[1.057,-1.448],[1.448,-1.009],[1.855,-0.553],[3.841,0],[2.49,1.888],[0,0],[-0.749,-2.637],[-1.367,-2.067],[-1.921,-1.416],[-2.425,-0.748],[-3.841,-0.065],[-3.337,1.351],[-2.458,2.539],[-1.367,3.646],[0,5.437],[2.051,4.753],[3.906,2.507],[2.962,0],[2.555,-0.813],[2.018,-1.611],[1.465,-2.393],[0,0]],"v":[[47.021,-20.068],[41.04,-9.155],[30.225,-5.518],[20.557,-8.154],[13.892,-16.284],[11.768,-29.102],[12.183,-34.717],[13.525,-40.088],[16.04,-44.897],[19.8,-48.584],[24.756,-50.928],[30.908,-51.758],[40.405,-48.926],[46.191,-39.844],[53.613,-41.602],[50.439,-48.657],[45.508,-53.882],[38.989,-57.129],[31.055,-58.252],[20.288,-56.323],[11.597,-50.488],[5.859,-41.211],[4.004,-29.004],[6.934,-13.672],[15.869,-2.783],[30.908,0.977],[39.185,-0.244],[46.045,-3.882],[51.27,-9.888],[54.639,-18.164]],"c":true},"ix":2},"nm":"C","mn":"ADBE Vector Shape - Group","hd":false}],"nm":"C","np":3,"cix":2,"ix":1,"mn":"ADBE Vector Group","hd":false}]},"fFamily":"IRYekan"},{"ch":"o","size":143,"style":"Regular","w":44.48,"data":{"shapes":[{"ty":"gr","it":[{"ind":0,"ty":"sh","ix":1,"ks":{"a":0,"k":{"i":[[-3.581,-3.711],[-5.762,0],[-3.093,1.725],[-1.172,1.172],[-0.798,1.579],[-0.407,2.084],[0,2.67],[3.613,3.777],[5.729,0],[3.548,-3.027],[0,-7.649]],"o":[[3.613,3.744],[3.58,0],[1.53,-0.846],[1.172,-1.172],[0.797,-1.579],[0.407,-2.083],[0,-6.51],[-3.613,-3.711],[-5.144,0],[-4.265,3.777],[0,6.999]],"v":[[8.008,-4.639],[22.07,0.977],[32.08,-1.611],[36.133,-4.639],[39.087,-8.765],[40.894,-14.258],[41.504,-21.387],[36.084,-36.816],[22.07,-42.383],[9.033,-37.842],[2.637,-20.703]],"c":true},"ix":2},"nm":"o","mn":"ADBE Vector Shape - Group","hd":false},{"ind":1,"ty":"sh","ix":2,"ks":{"a":0,"k":{"i":[[-0.603,1.986],[-1.091,1.318],[-1.482,0.668],[-1.758,0],[-1.498,-0.667],[-1.091,-1.318],[-0.635,-1.953],[0,-2.539],[0.618,-2.018],[1.09,-1.334],[1.497,-0.651],[1.758,0],[1.481,0.652],[1.09,1.318],[0.602,1.986],[0,2.637]],"o":[[0.602,-1.985],[1.09,-1.318],[1.481,-0.667],[1.725,0],[1.497,0.668],[1.09,1.318],[0.635,1.953],[0,2.734],[-0.619,2.019],[-1.091,1.335],[-1.498,0.652],[-1.758,0],[-1.482,-0.651],[-1.091,-1.318],[-0.603,-1.985],[0,-2.669]],"v":[[10.815,-27.686],[13.354,-32.642],[17.212,-35.62],[22.07,-36.621],[26.904,-35.62],[30.786,-32.642],[33.374,-27.734],[34.326,-20.996],[33.398,-13.867],[30.835,-8.838],[26.953,-5.859],[22.07,-4.883],[17.212,-5.859],[13.354,-8.813],[10.815,-13.77],[9.912,-20.703]],"c":true},"ix":2},"nm":"o","mn":"ADBE Vector Shape - Group","hd":false}],"nm":"o","np":5,"cix":2,"ix":1,"mn":"ADBE Vector Group","hd":false}]},"fFamily":"IRYekan"},{"ch":"n","size":143,"style":"Regular","w":44.48,"data":{"shapes":[{"ty":"gr","it":[{"ind":0,"ty":"sh","ix":1,"ks":{"a":0,"k":{"i":[[0,0],[0,0],[0,0],[-2.148,1.855],[-3.027,0],[-0.814,-0.195],[-0.684,-0.455],[-0.472,-0.537],[-0.293,-0.764],[-0.114,-1.057],[0,-1.432],[0,0],[0,0],[0,0],[0.081,1.123],[0.098,0.652],[0.716,1.237],[1.172,0.879],[1.611,0.488],[1.985,0.033],[3.027,-4.524],[0,0],[0,0]],"o":[[0,0],[0,0],[0,-5.338],[2.18,-1.92],[0.944,0],[0.813,0.195],[0.716,0.423],[0.471,0.537],[0.293,0.765],[0.114,1.058],[0,0],[0,0],[0,0],[0,-1.66],[-0.082,-1.123],[-0.195,-1.465],[-0.716,-1.237],[-1.172,-0.879],[-1.611,-0.488],[-5.762,0],[0,0],[0,0],[0,0]],"v":[[5.273,0],[12.305,0],[12.305,-22.656],[15.527,-33.447],[23.34,-36.328],[25.977,-36.035],[28.223,-35.059],[30.005,-33.618],[31.152,-31.665],[31.763,-28.931],[31.934,-25.195],[31.934,0],[38.965,0],[38.965,-25.488],[38.843,-29.663],[38.574,-32.324],[37.207,-36.377],[34.375,-39.551],[30.2,-41.602],[24.805,-42.383],[11.621,-35.596],[11.621,-41.504],[5.273,-41.504]],"c":true},"ix":2},"nm":"n","mn":"ADBE Vector Shape - Group","hd":false}],"nm":"n","np":3,"cix":2,"ix":1,"mn":"ADBE Vector Group","hd":false}]},"fFamily":"IRYekan"},{"ch":"t","size":143,"style":"Regular","w":22.22,"data":{"shapes":[{"ty":"gr","it":[{"ind":0,"ty":"sh","ix":1,"ks":{"a":0,"k":{"i":[[0,0],[0.52,-0.049],[0.391,0],[0.52,0.326],[0.227,0.521],[0,2.019],[0,0],[0,0],[0,0],[0,0],[0,0],[0,0],[0,0],[0,0],[0,0],[0,0],[0,0],[-0.163,-1.367],[-0.261,-0.684],[-1.384,-0.797],[-2.539,0],[-0.896,0.114],[-1.009,0.195]],"o":[[-0.619,0.13],[-0.521,0.049],[-1.074,0],[-0.586,-0.391],[-0.261,-0.586],[0,0],[0,0],[0,0],[0,0],[0,0],[0,0],[0,0],[0,0],[0,0],[0,0],[0,0],[0,2.148],[0.163,1.367],[0.618,1.302],[1.383,0.797],[0.781,0],[0.895,-0.114],[0,0]],"v":[[20.605,-6.348],[18.896,-6.079],[17.529,-6.006],[15.137,-6.494],[13.916,-7.861],[13.525,-11.768],[13.525,-36.035],[20.605,-36.035],[20.605,-41.504],[13.525,-41.504],[13.525,-56.006],[6.543,-51.758],[6.543,-41.504],[1.465,-41.504],[1.465,-36.035],[6.543,-36.035],[6.543,-12.158],[6.787,-6.885],[7.422,-3.809],[10.425,-0.659],[16.309,0.537],[18.823,0.366],[21.68,-0.098]],"c":true},"ix":2},"nm":"t","mn":"ADBE Vector Shape - Group","hd":false}],"nm":"t","np":3,"cix":2,"ix":1,"mn":"ADBE Vector Group","hd":false}]},"fFamily":"IRYekan"},{"ch":"a","size":143,"style":"Regular","w":44.48,"data":{"shapes":[{"ty":"gr","it":[{"ind":0,"ty":"sh","ix":1,"ks":{"a":0,"k":{"i":[[-0.228,-0.83],[-0.359,-0.748],[0,0],[0.293,1.628],[0,6.478],[0,0],[0.26,1.302],[0.651,1.107],[1.204,0.814],[1.871,0.439],[2.734,0],[2.979,-2.1],[0.944,-4.264],[0,0],[-0.554,1.009],[-0.847,0.619],[-1.189,0.277],[-1.66,0],[-1.823,-1.563],[0,-2.897],[0,0],[2.067,-0.391],[2.864,-0.358],[1.025,-0.163],[0.684,-0.163],[1.221,-0.684],[0.928,-1.009],[0.537,-1.286],[0,-1.595],[-0.635,-1.465],[-1.205,-1.057],[-1.758,-0.586],[-2.246,0],[-1.286,0.211],[-1.237,0.488],[-1.237,0.765],[-1.302,1.14]],"o":[[0.227,0.83],[0,0],[-0.912,-1.692],[-0.293,-1.758],[0,0],[0,-3.092],[-0.261,-1.334],[-0.652,-1.106],[-1.205,-0.813],[-1.872,-0.439],[-5.599,0],[-2.979,2.1],[0,0],[0.358,-1.465],[0.553,-1.009],[0.846,-0.618],[1.188,-0.276],[3.548,0],[1.27,1.172],[0,0],[-1.335,0.456],[-2.068,0.391],[-1.433,0.195],[-1.025,0.163],[-1.367,0.391],[-1.221,0.684],[-0.928,1.009],[-0.537,1.286],[0,1.758],[0.635,1.465],[1.204,1.058],[1.758,0.586],[1.367,0],[1.286,-0.212],[1.237,-0.488],[1.237,-0.764],[0.13,1.009]],"v":[[32.861,-2.368],[33.74,0],[41.113,0],[39.307,-4.98],[38.867,-17.334],[38.867,-26.709],[38.477,-33.301],[37.109,-36.963],[34.326,-39.844],[29.712,-41.724],[22.803,-42.383],[9.937,-39.233],[4.053,-29.688],[10.986,-28.711],[12.354,-32.422],[14.453,-34.863],[17.505,-36.206],[21.777,-36.621],[29.834,-34.277],[31.738,-28.174],[31.738,-26.318],[26.636,-25.049],[19.238,-23.926],[15.552,-23.389],[12.988,-22.9],[9.106,-21.289],[5.884,-18.75],[3.687,-15.308],[2.881,-10.986],[3.833,-6.152],[6.592,-2.368],[11.035,0.098],[17.041,0.977],[21.021,0.659],[24.805,-0.391],[28.516,-2.271],[32.324,-5.127]],"c":true},"ix":2},"nm":"a","mn":"ADBE Vector Shape - Group","hd":false},{"ind":1,"ty":"sh","ix":2,"ks":{"a":0,"k":{"i":[[0,0],[0.748,-1.595],[2.1,-1.188],[2.734,0],[1.399,1.221],[0,1.921],[-0.652,1.009],[-0.423,0.375],[-0.668,0.277],[-0.977,0.212],[-1.433,0.228],[-1.921,0.439],[-1.27,0.521]],"o":[[0,3.093],[-1.009,2.051],[-2.1,1.189],[-2.734,0],[-1.4,-1.221],[0,-1.237],[0.325,-0.488],[0.423,-0.374],[0.667,-0.276],[0.977,-0.211],[2.571,-0.358],[1.92,-0.439],[0,0]],"v":[[31.738,-18.262],[30.615,-11.23],[25.952,-6.372],[18.701,-4.59],[12.5,-6.421],[10.4,-11.133],[11.377,-14.502],[12.5,-15.796],[14.136,-16.772],[16.602,-17.505],[20.215,-18.164],[26.953,-19.36],[31.738,-20.801]],"c":true},"ix":2},"nm":"a","mn":"ADBE Vector Shape - Group","hd":false}],"nm":"a","np":5,"cix":2,"ix":1,"mn":"ADBE Vector Group","hd":false}]},"fFamily":"IRYekan"},{"ch":"c","size":143,"style":"Regular","w":39.99,"data":{"shapes":[{"ty":"gr","it":[{"ind":0,"ty":"sh","ix":1,"ks":{"a":0,"k":{"i":[[0,0],[1.839,-1.66],[2.766,0],[1.416,0.603],[1.025,1.302],[0.553,2.002],[0,2.8],[-0.586,1.986],[-1.058,1.302],[-1.465,0.619],[-1.791,0],[-1.628,-1.416],[-0.652,-2.766],[0,0],[2.848,2.246],[4.557,0],[2.344,-0.993],[1.709,-1.888],[0.928,-2.734],[-0.13,-3.385],[-0.896,-2.669],[-1.644,-1.839],[-2.312,-0.944],[-2.865,0],[-1.937,0.7],[-1.514,1.318],[-0.993,1.888],[-0.391,2.409]],"o":[[-0.488,3.548],[-1.839,1.66],[-1.758,0],[-1.416,-0.602],[-1.025,-1.302],[-0.554,-2.002],[0,-2.734],[0.586,-1.985],[1.057,-1.302],[1.465,-0.618],[2.376,0],[1.627,1.416],[0,0],[-0.814,-4.231],[-2.849,-2.246],[-2.734,-0.065],[-2.344,0.993],[-1.709,1.888],[-0.928,2.734],[0,3.451],[0.895,2.67],[1.643,1.839],[2.311,0.944],[2.278,0],[1.936,-0.7],[1.514,-1.318],[0.993,-1.888],[0,0]],"v":[[32.324,-15.186],[28.833,-7.373],[21.924,-4.883],[17.163,-5.786],[13.501,-8.643],[11.133,-13.599],[10.303,-20.801],[11.182,-27.881],[13.647,-32.813],[17.432,-35.693],[22.314,-36.621],[28.32,-34.497],[31.738,-28.223],[38.574,-29.297],[33.081,-39.014],[21.973,-42.383],[14.355,-40.991],[8.276,-36.67],[4.321,-29.736],[3.125,-20.557],[4.468,-11.377],[8.276,-4.614],[14.209,-0.439],[21.973,0.977],[28.296,-0.073],[33.472,-3.101],[37.231,-7.91],[39.307,-14.355]],"c":true},"ix":2},"nm":"c","mn":"ADBE Vector Shape - Group","hd":false}],"nm":"c","np":3,"cix":2,"ix":1,"mn":"ADBE Vector Group","hd":false}]},"fFamily":"IRYekan"},{"ch":" ","size":143,"style":"Regular","w":20.26,"data":{},"fFamily":"IRYekan"},{"ch":"U","size":143,"style":"Regular","w":57.76,"data":{"shapes":[{"ty":"gr","it":[{"ind":0,"ty":"sh","ix":1,"ks":{"a":0,"k":{"i":[[0,0],[0,0],[2.409,-2.506],[5.566,0],[2.18,1.27],[1.009,2.344],[0.244,1.839],[0,2.539],[0,0],[0,0],[0,0],[-1.433,-3.45],[-3.369,-1.839],[-5.437,0],[-2.197,0.52],[-1.726,1.042],[-1.237,3.288],[0,5.697],[0,0]],"o":[[0,0],[0,7.259],[-2.312,2.507],[-3.353,0],[-2.214,-1.27],[-0.423,-1.172],[-0.244,-1.839],[0,0],[0,0],[0,0],[0,6.12],[1.465,3.484],[3.369,1.839],[2.766,0],[2.197,-0.52],[3.483,-2.213],[1.334,-3.45],[0,0],[0,0]],"v":[[43.75,-57.275],[43.75,-24.268],[40.137,-9.619],[28.32,-5.859],[20.02,-7.764],[15.186,-13.184],[14.185,-17.7],[13.818,-24.268],[13.818,-57.275],[6.348,-57.275],[6.348,-24.121],[8.496,-9.766],[15.747,-1.782],[28.955,0.977],[36.401,0.195],[42.285,-2.148],[49.365,-10.4],[51.367,-24.121],[51.367,-57.275]],"c":true},"ix":2},"nm":"U","mn":"ADBE Vector Shape - Group","hd":false}],"nm":"U","np":3,"cix":2,"ix":1,"mn":"ADBE Vector Group","hd":false}]},"fFamily":"IRYekan"},{"ch":"s","size":143,"style":"Regular","w":39.99,"data":{"shapes":[{"ty":"gr","it":[{"ind":0,"ty":"sh","ix":1,"ks":{"a":0,"k":{"i":[[0,0],[-2.816,-2.229],[-5.404,0],[-2.051,0.684],[-1.465,1.189],[-0.798,1.595],[0,1.823],[1.106,1.595],[1.985,0.879],[1.709,0.505],[2.539,0.652],[0.993,0.31],[0.391,0.13],[0.471,0.31],[0.26,0.359],[0,0.945],[-0.342,0.635],[-0.716,0.488],[-1.14,0.293],[-1.628,0],[-1.465,-1.188],[-0.326,-2.148],[0,0],[2.718,1.839],[5.11,0.13],[1.888,-0.553],[1.139,-0.781],[0.83,-1.563],[0,-1.92],[-0.228,-0.928],[-0.554,-0.846],[-0.765,-0.651],[-0.977,-0.455],[-1.791,-0.569],[-2.572,-0.618],[-0.912,-0.651],[0,-1.66],[0.391,-0.797],[0.781,-0.586],[1.188,-0.358],[1.627,0],[1.774,1.465],[0.358,2.767]],"o":[[0.781,4.46],[2.815,2.23],[2.506,0],[2.051,-0.684],[1.465,-1.188],[0.797,-1.595],[0,-2.409],[-1.107,-1.627],[-0.977,-0.455],[-1.709,-0.504],[-1.758,-0.488],[-0.993,-0.309],[-0.586,-0.26],[-0.472,-0.309],[-0.586,-0.716],[0,-0.716],[0.342,-0.635],[0.716,-0.488],[1.139,-0.293],[2.766,0],[1.465,1.189],[0,0],[-0.456,-3.938],[-2.718,-1.839],[-2.116,0],[-1.888,0.554],[-1.465,1.009],[-0.83,1.563],[0,1.009],[0.227,0.928],[0.52,0.847],[0.764,0.652],[1.009,0.488],[1.79,0.57],[3.906,0.977],[1.367,0.847],[0,0.879],[-0.391,0.798],[-0.781,0.586],[-1.189,0.359],[-3.223,0],[-1.775,-1.465],[0,0]],"v":[[2.441,-12.402],[7.837,-2.368],[20.166,0.977],[27.002,-0.049],[32.275,-2.856],[35.669,-7.031],[36.865,-12.158],[35.205,-18.164],[30.566,-21.924],[26.538,-23.364],[20.166,-25.098],[16.04,-26.294],[13.965,-26.953],[12.378,-27.808],[11.279,-28.809],[10.4,-31.299],[10.913,-33.325],[12.5,-35.01],[15.283,-36.182],[19.434,-36.621],[25.781,-34.839],[28.467,-29.834],[35.352,-30.762],[30.591,-39.429],[18.848,-42.383],[12.842,-41.553],[8.301,-39.551],[4.858,-35.693],[3.613,-30.469],[3.955,-27.563],[5.127,-24.902],[7.056,-22.656],[9.668,-20.996],[13.867,-19.409],[20.41,-17.627],[27.637,-15.186],[29.688,-11.426],[29.102,-8.911],[27.344,-6.836],[24.39,-5.42],[20.166,-4.883],[12.671,-7.08],[9.473,-13.428]],"c":true},"ix":2},"nm":"s","mn":"ADBE Vector Shape - Group","hd":false}],"nm":"s","np":3,"cix":2,"ix":1,"mn":"ADBE Vector Group","hd":false}]},"fFamily":"IRYekan"}]}