{"v":"5.7.6","fr":24,"ip":0,"op":97,"w":500,"h":500,"nm":"Comp 1","ddd":0,"assets":[{"id":"comp_0","layers":[{"ddd":0,"ind":1,"ty":3,"nm":"Nulo 1","sr":1,"ks":{"o":{"a":0,"k":0,"ix":11},"r":{"a":0,"k":0,"ix":10},"p":{"a":1,"k":[{"i":{"x":0.833,"y":0.833},"o":{"x":0.167,"y":0.167},"t":0,"s":[162,248.25,0],"to":[21.5,-78,0],"ti":[4.609,-44.897,0]},{"i":{"x":0.833,"y":0.833},"o":{"x":0.167,"y":0.167},"t":24,"s":[250,252,0],"to":[0.891,26.647,0],"ti":[-27.121,1.416,0]},{"i":{"x":0.833,"y":0.833},"o":{"x":0.167,"y":0.167},"t":36,"s":[293.985,295.87,0],"to":[44.121,-0.166,0],"ti":[0,0,0]},{"i":{"x":0.833,"y":0.833},"o":{"x":0.167,"y":0.167},"t":48,"s":[343,252,0],"to":[0,0,0],"ti":[33.361,9.627,0]},{"i":{"x":0.833,"y":0.833},"o":{"x":0.167,"y":0.167},"t":59,"s":[307.867,206.63,0],"to":[-28.361,-4.127,0],"ti":[9.451,-44.027,0]},{"i":{"x":0.833,"y":0.833},"o":{"x":0.167,"y":0.167},"t":72,"s":[251,252,0],"to":[-5.01,42.925,0],"ti":[25.327,-0.695,0]},{"i":{"x":0.833,"y":0.833},"o":{"x":0.167,"y":0.167},"t":84,"s":[204.227,297.438,0],"to":[-43.263,1.188,0],"ti":[0.348,6.75,0]},{"t":96,"s":[161,250,0]}],"ix":2,"l":2},"a":{"a":0,"k":[50,50,0],"ix":1,"l":2},"s":{"a":0,"k":[30,30,100],"ix":6,"l":2}},"ao":0,"ip":0,"op":192,"st":0,"bm":0},{"ddd":0,"ind":2,"ty":4,"nm":"Capa de formas 4","parent":1,"sr":1,"ks":{"o":{"a":0,"k":100,"ix":11},"r":{"a":0,"k":0,"ix":10},"p":{"a":0,"k":[50,52.444,0],"ix":2,"l":2},"a":{"a":0,"k":[-45,1,0],"ix":1,"l":2},"s":{"a":0,"k":[-56.039,56.039,100],"ix":6,"l":2}},"ao":0,"shapes":[{"ty":"gr","it":[{"d":1,"ty":"el","s":{"a":0,"k":[92,92],"ix":2},"p":{"a":0,"k":[0,0],"ix":3},"nm":"Trazado elÃÂ­ptico 1","mn":"ADBE Vector Shape - Ellipse","hd":false},{"ty":"fl","c":{"a":0,"k":[0.988235294118,0.325536331476,0,1],"ix":4},"o":{"a":0,"k":100,"ix":5},"r":1,"bm":0,"nm":"Relleno 1","mn":"ADBE Vector Graphic - Fill","hd":false},{"ty":"tr","p":{"a":0,"k":[-45,1],"ix":2},"a":{"a":0,"k":[0,0],"ix":1},"s":{"a":0,"k":[100,100],"ix":3},"r":{"a":0,"k":0,"ix":6},"o":{"a":0,"k":100,"ix":7},"sk":{"a":0,"k":0,"ix":4},"sa":{"a":0,"k":0,"ix":5},"nm":"Transformar"}],"nm":"Elipse 1","np":3,"cix":2,"bm":0,"ix":1,"mn":"ADBE Vector Group","hd":false}],"ip":24,"op":71,"st":0,"bm":0},{"ddd":0,"ind":3,"ty":4,"nm":"Capa de formas 2","parent":1,"sr":1,"ks":{"o":{"a":0,"k":100,"ix":11},"r":{"a":0,"k":0,"ix":10},"p":{"a":0,"k":[50,52.444,0],"ix":2,"l":2},"a":{"a":0,"k":[-45,1,0],"ix":1,"l":2},"s":{"a":0,"k":[-56.039,56.039,100],"ix":6,"l":2}},"ao":0,"shapes":[{"ty":"gr","it":[{"d":1,"ty":"el","s":{"a":0,"k":[92,92],"ix":2},"p":{"a":0,"k":[0,0],"ix":3},"nm":"Trazado elÃÂ­ptico 1","mn":"ADBE Vector Shape - Ellipse","hd":false},{"ty":"fl","c":{"a":0,"k":[0.925490196078,0.058069969626,0.262168824439,1],"ix":4},"o":{"a":0,"k":100,"ix":5},"r":1,"bm":0,"nm":"Relleno 1","mn":"ADBE Vector Graphic - Fill","hd":false},{"ty":"tr","p":{"a":0,"k":[-45,1],"ix":2},"a":{"a":0,"k":[0,0],"ix":1},"s":{"a":0,"k":[100,100],"ix":3},"r":{"a":0,"k":0,"ix":6},"o":{"a":0,"k":100,"ix":7},"sk":{"a":0,"k":0,"ix":4},"sa":{"a":0,"k":0,"ix":5},"nm":"Transformar"}],"nm":"Elipse 1","np":3,"cix":2,"bm":0,"ix":1,"mn":"ADBE Vector Group","hd":false}],"ip":0,"op":192,"st":0,"bm":0},{"ddd":0,"ind":4,"ty":4,"nm":"Capa de formas 1","sr":1,"ks":{"o":{"a":0,"k":100,"ix":11},"r":{"a":0,"k":0,"ix":10},"p":{"a":0,"k":[250,250,0],"ix":2,"l":2},"a":{"a":0,"k":[14,19,0],"ix":1,"l":2},"s":{"a":0,"k":[48.864,120.542,100],"ix":6,"l":2}},"ao":0,"shapes":[{"ty":"gr","it":[{"d":1,"ty":"el","s":{"a":0,"k":[176,26],"ix":2},"p":{"a":0,"k":[0,0],"ix":3},"nm":"Trazado elÃÂ­ptico 1","mn":"ADBE Vector Shape - Ellipse","hd":false},{"ty":"fl","c":{"a":0,"k":[0,0,0,1],"ix":4},"o":{"a":0,"k":100,"ix":5},"r":1,"bm":0,"nm":"Relleno 1","mn":"ADBE Vector Graphic - Fill","hd":false},{"ty":"tr","p":{"a":0,"k":[14,19],"ix":2},"a":{"a":0,"k":[0,0],"ix":1},"s":{"a":0,"k":[100,100],"ix":3},"r":{"a":0,"k":0,"ix":6},"o":{"a":0,"k":100,"ix":7},"sk":{"a":0,"k":0,"ix":4},"sa":{"a":0,"k":0,"ix":5},"nm":"Transformar"}],"nm":"Elipse 1","np":3,"cix":2,"bm":0,"ix":1,"mn":"ADBE Vector Group","hd":false}],"ip":0,"op":192,"st":0,"bm":0}]}],"fonts":{"list":[{"fName":"Montserrat-Bold","fFamily":"Montserrat","fStyle":"Bold","ascent":74.1989135742188}]},"layers":[{"ddd":0,"ind":1,"ty":5,"nm":"loading","sr":1,"ks":{"o":{"a":1,"k":[{"i":{"x":[0.667],"y":[1]},"o":{"x":[0.333],"y":[0]},"t":5,"s":[0]},{"i":{"x":[0.833],"y":[1]},"o":{"x":[0.333],"y":[0]},"t":24,"s":[100]},{"i":{"x":[0.833],"y":[0.833]},"o":{"x":[0.167],"y":[0.167]},"t":72,"s":[100]},{"t":96,"s":[0]}],"ix":11},"r":{"a":0,"k":0,"ix":10},"p":{"a":0,"k":[250,313.64,0],"ix":2,"l":2},"a":{"a":0,"k":[-0.016,-9.36,0],"ix":1,"l":2},"s":{"a":0,"k":[115.055,115.055,100],"ix":6,"l":2}},"ao":0,"t":{"d":{"k":[{"s":{"s":32,"f":"Montserrat-Bold","t":"loading","ca":0,"j":2,"tr":0,"lh":38.4,"ls":0,"fc":[1,0.593,0.012]},"t":0}]},"p":{},"m":{"g":1,"a":{"a":0,"k":[0,0],"ix":2}},"a":[{"nm":"AnimaciÃÂ³n 1","s":{"t":0,"xe":{"a":0,"k":0,"ix":7},"ne":{"a":0,"k":0,"ix":8},"a":{"a":0,"k":100,"ix":4},"b":1,"rn":0,"sh":1,"s":{"a":1,"k":[{"i":{"x":[0.667],"y":[1]},"o":{"x":[0.333],"y":[0]},"t":0,"s":[0]},{"t":24,"s":[100]}],"ix":1},"r":1},"a":{"p":{"a":0,"k":[0,24,0],"ix":2}}}]},"ip":0,"op":192,"st":0,"bm":0},{"ddd":0,"ind":2,"ty":0,"nm":"Precomp. 1","refId":"comp_0","sr":1,"ks":{"o":{"a":0,"k":100,"ix":11},"r":{"a":1,"k":[{"i":{"x":[0.667],"y":[1]},"o":{"x":[0.333],"y":[0]},"t":0,"s":[0]},{"t":96,"s":[360]}],"ix":10},"p":{"a":0,"k":[250,250,0],"ix":2,"l":2},"a":{"a":0,"k":[250,250,0],"ix":1,"l":2},"s":{"a":0,"k":[72.8,72.8,100],"ix":6,"l":2}},"ao":0,"w":500,"h":500,"ip":0,"op":192,"st":0,"bm":0}],"markers":[],"chars":[{"ch":"l","size":32,"style":"Bold","w":30.1,"data":{"shapes":[{"ty":"gr","it":[{"ind":0,"ty":"sh","ix":1,"ks":{"a":0,"k":{"i":[[0,0],[0,0],[0,0],[0,0]],"o":[[0,0],[0,0],[0,0],[0,0]],"v":[[7.2,0],[22.8,0],[22.8,-74.2],[7.2,-74.2]],"c":true},"ix":2},"nm":"l","mn":"ADBE Vector Shape - Group","hd":false}],"nm":"l","np":3,"cix":2,"bm":0,"ix":1,"mn":"ADBE Vector Group","hd":false}]},"fFamily":"Montserrat"},{"ch":"o","size":32,"style":"Bold","w":65.5,"data":{"shapes":[{"ty":"gr","it":[{"ind":0,"ty":"sh","ix":1,"ks":{"a":0,"k":{"i":[[-5.667,0],[-4.467,2.367],[-2.534,4.2],[0,5.334],[2.533,4.2],[4.466,2.367],[5.666,0],[4.5,-2.366],[2.533,-4.2],[0,-5.333],[-2.534,-4.2],[-4.5,-2.366]],"o":[[5.666,0],[4.466,-2.366],[2.533,-4.2],[0,-5.333],[-2.534,-4.2],[-4.467,-2.366],[-5.667,0],[-4.5,2.367],[-2.534,4.2],[0,5.334],[2.533,4.2],[4.5,2.367]],"v":[[32.8,0.8],[48,-2.75],[58.5,-12.6],[62.3,-26.9],[58.5,-41.2],[48,-51.05],[32.8,-54.6],[17.55,-51.05],[7,-41.2],[3.2,-26.9],[7,-12.6],[17.55,-2.75]],"c":true},"ix":2},"nm":"o","mn":"ADBE Vector Shape - Group","hd":false},{"ind":1,"ty":"sh","ix":2,"ks":{"a":0,"k":{"i":[[4,0],[2.6,2.7],[0,4.534],[-2.6,2.7],[-4,0],[-2.567,-2.7],[0,-4.533],[2.566,-2.7]],"o":[[-4,0],[-2.6,-2.7],[0,-4.533],[2.6,-2.7],[4,0],[2.566,2.7],[0,4.534],[-2.567,2.7]],"v":[[32.8,-12],[22.9,-16.05],[19,-26.9],[22.9,-37.75],[32.8,-41.8],[42.65,-37.75],[46.5,-26.9],[42.65,-16.05]],"c":true},"ix":2},"nm":"o","mn":"ADBE Vector Shape - Group","hd":false}],"nm":"o","np":5,"cix":2,"bm":0,"ix":1,"mn":"ADBE Vector Group","hd":false}]},"fFamily":"Montserrat"},{"ch":"a","size":32,"style":"Bold","w":61.7,"data":{"shapes":[{"ty":"gr","it":[{"ind":0,"ty":"sh","ix":1,"ks":{"a":0,"k":{"i":[[8.333,0],[4.1,-1.133],[2.933,-2.066],[0,0],[-2.767,0.9],[-2.867,0],[-2.067,-1.833],[0,-3.4],[0,0],[3.766,-2.866],[0,-5],[-1.6,-2.466],[-3.034,-1.4],[-4.134,0],[-2.934,5],[0,0],[0,0],[0,0],[4.466,3.967]],"o":[[-4.334,0],[-4.1,1.134],[0,0],[1.933,-1.533],[2.766,-0.9],[4.133,0],[2.066,1.834],[0,0],[-7.867,0],[-3.767,2.867],[0,3.134],[1.6,2.467],[3.033,1.4],[8,0],[0,0],[0,0],[0,0],[0,-8],[-4.467,-3.966]],"v":[[28.9,-54.6],[16.25,-52.9],[5.7,-48.1],[11.3,-37.2],[18.35,-40.85],[26.8,-42.2],[36.1,-39.45],[39.2,-31.6],[26.8,-31.6],[9.35,-27.3],[3.7,-15.5],[6.1,-7.1],[13.05,-1.3],[23.8,0.8],[40.2,-6.7],[40.2,0],[54.8,0],[54.8,-30.7],[48.1,-48.65]],"c":true},"ix":2},"nm":"a","mn":"ADBE Vector Shape - Group","hd":false},{"ind":1,"ty":"sh","ix":2,"ks":{"a":0,"k":{"i":[[2.666,0],[1.566,1.167],[0,2],[-6.4,0],[0,0],[0,0],[2.066,-1.233]],"o":[[-2.734,0],[-1.567,-1.166],[0,-4.2],[0,0],[0,0],[-0.867,2.4],[-2.067,1.234]],"v":[[27.7,-9.7],[21.25,-11.45],[18.9,-16.2],[28.5,-22.5],[39.2,-22.5],[39.2,-17],[34.8,-11.55]],"c":true},"ix":2},"nm":"a","mn":"ADBE Vector Shape - Group","hd":false}],"nm":"a","np":5,"cix":2,"bm":0,"ix":1,"mn":"ADBE Vector Group","hd":false}]},"fFamily":"Montserrat"},{"ch":"d","size":32,"style":"Bold","w":69.2,"data":{"shapes":[{"ty":"gr","it":[{"ind":0,"ty":"sh","ix":1,"ks":{"a":0,"k":{"i":[[0,0],[0,0],[6.866,0],[4.1,-2.266],[2.333,-4.2],[0,-5.533],[-2.334,-4.2],[-4.1,-2.266],[-5.067,0],[-3.867,4.667],[0,0],[0,0],[0,0]],"o":[[0,0],[-3.867,-4.333],[-5.067,0],[-4.1,2.267],[-2.334,4.2],[0,5.534],[2.333,4.2],[4.1,2.267],[7.333,0],[0,0],[0,0],[0,0],[0,0]],"v":[[46.4,-74.2],[46.4,-48.1],[30.3,-54.6],[16.55,-51.2],[6.9,-41.5],[3.4,-26.9],[6.9,-12.3],[16.55,-2.6],[30.3,0.8],[47.1,-6.2],[47.1,0],[62,0],[62,-74.2]],"c":true},"ix":2},"nm":"d","mn":"ADBE Vector Shape - Group","hd":false},{"ind":1,"ty":"sh","ix":2,"ks":{"a":0,"k":{"i":[[3.933,0],[2.6,2.7],[0,4.534],[-2.6,2.7],[-4,0],[-2.6,-2.7],[0,-4.533],[2.6,-2.7]],"o":[[-4,0],[-2.6,-2.7],[0,-4.533],[2.6,-2.7],[3.933,0],[2.6,2.7],[0,4.534],[-2.6,2.7]],"v":[[33,-12],[23.1,-16.05],[19.2,-26.9],[23.1,-37.75],[33,-41.8],[42.8,-37.75],[46.7,-26.9],[42.8,-16.05]],"c":true},"ix":2},"nm":"d","mn":"ADBE Vector Shape - Group","hd":false}],"nm":"d","np":5,"cix":2,"bm":0,"ix":1,"mn":"ADBE Vector Group","hd":false}]},"fFamily":"Montserrat"},{"ch":"i","size":32,"style":"Bold","w":30.1,"data":{"shapes":[{"ty":"gr","it":[{"ind":0,"ty":"sh","ix":1,"ks":{"a":0,"k":{"i":[[0,0],[0,0],[0,0],[0,0]],"o":[[0,0],[0,0],[0,0],[0,0]],"v":[[7.2,0],[22.8,0],[22.8,-53.8],[7.2,-53.8]],"c":true},"ix":2},"nm":"i","mn":"ADBE Vector Shape - Group","hd":false},{"ind":1,"ty":"sh","ix":2,"ks":{"a":0,"k":{"i":[[-2.867,0],[-1.8,1.7],[0,2.6],[1.8,1.6],[2.866,0],[1.8,-1.666],[0,-2.466],[-1.8,-1.666]],"o":[[2.866,0],[1.8,-1.7],[0,-2.4],[-1.8,-1.6],[-2.867,0],[-1.8,1.667],[0,2.467],[1.8,1.667]],"v":[[15,-61.3],[22,-63.85],[24.7,-70.3],[22,-76.3],[15,-78.7],[8,-76.2],[5.3,-70],[8,-63.8]],"c":true},"ix":2},"nm":"i","mn":"ADBE Vector Shape - Group","hd":false}],"nm":"i","np":5,"cix":2,"bm":0,"ix":1,"mn":"ADBE Vector Group","hd":false}]},"fFamily":"Montserrat"},{"ch":"n","size":32,"style":"Bold","w":69.1,"data":{"shapes":[{"ty":"gr","it":[{"ind":0,"ty":"sh","ix":1,"ks":{"a":0,"k":{"i":[[6.666,0],[3.066,-1.233],[2.066,-2.266],[0,0],[0,0],[0,0],[0,0],[0,0],[-2.334,2.434],[-3.934,0],[-1.867,-2.1],[0,-4.266],[0,0],[0,0],[0,0],[4.1,4]],"o":[[-3.667,0],[-3.067,1.234],[0,0],[0,0],[0,0],[0,0],[0,0],[0,-4.8],[2.333,-2.433],[3.533,0],[1.866,2.1],[0,0],[0,0],[0,0],[0,-7.866],[-4.1,-4]],"v":[[39.9,-54.6],[29.8,-52.75],[22.1,-47.5],[22.1,-53.8],[7.2,-53.8],[7.2,0],[22.8,0],[22.8,-26.6],[26.3,-37.45],[35.7,-41.1],[43.8,-37.95],[46.6,-28.4],[46.6,0],[62.2,0],[62.2,-30.8],[56.05,-48.6]],"c":true},"ix":2},"nm":"n","mn":"ADBE Vector Shape - Group","hd":false}],"nm":"n","np":3,"cix":2,"bm":0,"ix":1,"mn":"ADBE Vector Group","hd":false}]},"fFamily":"Montserrat"},{"ch":"g","size":32,"style":"Bold","w":70,"data":{"shapes":[{"ty":"gr","it":[{"ind":0,"ty":"sh","ix":1,"ks":{"a":0,"k":{"i":[[0,0],[0,0],[7.8,0],[4.1,-2.166],[2.4,-3.933],[0,-5.133],[-2.4,-3.933],[-4.1,-2.166],[-4.934,0],[-4.067,4.467],[0,0],[2.566,-2.434],[5.4,0],[3.466,1.1],[2.266,1.866],[0,0],[-4.667,-1.267],[-5.2,0],[-5.134,4.8],[0,9.866],[0,0]],"o":[[0,0],[-4.067,-5.133],[-4.934,0],[-4.1,2.167],[-2.4,3.934],[0,5.134],[2.4,3.934],[4.1,2.167],[7.266,0],[0,0],[0,4.934],[-2.567,2.433],[-3.467,0],[-3.467,-1.1],[0,0],[3.066,2.4],[4.666,1.266],[9.866,0],[5.133,-4.8],[0,0],[0,0]],"v":[[47.9,-53.8],[47.9,-46.9],[30.1,-54.6],[16.55,-51.35],[6.8,-42.2],[3.2,-28.6],[6.8,-15],[16.55,-5.85],[30.1,-2.6],[47.1,-9.3],[47.1,-7],[43.25,4.05],[31.3,7.7],[20.9,6.05],[12.3,1.6],[6.1,12.8],[17.7,18.3],[32.5,20.2],[55,13],[62.7,-9],[62.7,-53.8]],"c":true},"ix":2},"nm":"g","mn":"ADBE Vector Shape - Group","hd":false},{"ind":1,"ty":"sh","ix":2,"ks":{"a":0,"k":{"i":[[4.133,0],[2.666,2.434],[0,3.934],[-2.667,2.434],[-4.134,0],[-2.634,-2.433],[0,-3.933],[2.633,-2.433]],"o":[[-4.134,0],[-2.667,-2.433],[0,-3.933],[2.666,-2.433],[4.133,0],[2.633,2.434],[0,3.934],[-2.634,2.434]],"v":[[33.2,-15.4],[23,-19.05],[19,-28.6],[23,-38.15],[33.2,-41.8],[43.35,-38.15],[47.3,-28.6],[43.35,-19.05]],"c":true},"ix":2},"nm":"g","mn":"ADBE Vector Shape - Group","hd":false}],"nm":"g","np":5,"cix":2,"bm":0,"ix":1,"mn":"ADBE Vector Group","hd":false}]},"fFamily":"Montserrat"}]}