{"v":"5.9.6","fr":30,"ip":0,"op":91,"w":2000,"h":2000,"nm":"Login","ddd":0,"assets":[],"layers":[{"ddd":0,"ind":1,"ty":4,"nm":"Calender","sr":1,"ks":{"o":{"a":0,"k":100,"ix":11},"r":{"a":0,"k":0,"ix":10},"p":{"a":0,"k":[1622.724,813.965,0],"ix":2,"l":2},"a":{"a":0,"k":[1622.724,813.965,0],"ix":1,"l":2},"s":{"a":0,"k":[100,100,100],"ix":6,"l":2}},"ao":0,"shapes":[{"ty":"gr","it":[{"ind":0,"ty":"sh","ix":1,"ks":{"a":0,"k":{"i":[[6.81,11.832],[-16.854,11.832],[-6.81,-11.832],[16.854,-11.832]],"o":[[6.81,11.832],[-16.854,11.832],[-6.81,-11.832],[16.854,-11.832]],"v":[[6.81,11.832],[-16.854,11.832],[-6.81,-11.832],[16.854,-11.832]],"c":true},"ix":2},"nm":"Path 1","mn":"ADBE Vector Shape - Group","hd":false,"_render":true},{"ty":"fl","c":{"a":0,"k":[1,0,0.5,1],"ix":4},"o":{"a":0,"k":100,"ix":5},"r":1,"bm":0,"nm":"Fill 1","mn":"ADBE Vector Graphic - Fill","hd":false,"_render":true},{"ty":"tr","p":{"a":0,"k":[1666.572,754.252],"ix":2},"a":{"a":0,"k":[0,0],"ix":1},"s":{"a":0,"k":[100,100],"ix":3},"r":{"a":0,"k":0,"ix":6},"o":{"a":0,"k":100,"ix":7},"sk":{"a":0,"k":0,"ix":4},"sa":{"a":0,"k":0,"ix":5},"nm":"Transform","_render":true}],"nm":"Group 1","np":2,"cix":2,"bm":0,"ix":1,"mn":"ADBE Vector Group","hd":false,"_render":true},{"ty":"gr","it":[{"ty":"gr","it":[{"ind":0,"ty":"sh","ix":1,"ks":{"a":0,"k":{"i":[[-4.761,-14.846],[-7.138,-9.247],[-4.516,-9.247],[5.325,-9.247],[-15.548,14.846],[-8.083,14.846],[13.658,-10.392],[15.548,-14.846]],"o":[[-4.761,-14.846],[-7.138,-9.247],[-4.516,-9.247],[5.325,-9.247],[-15.548,14.846],[-8.083,14.846],[13.658,-10.392],[15.548,-14.846]],"v":[[-4.761,-14.846],[-7.138,-9.247],[-4.516,-9.247],[5.325,-9.247],[-15.548,14.846],[-8.083,14.846],[13.658,-10.392],[15.548,-14.846]],"c":true},"ix":2},"nm":"Path 1","mn":"ADBE Vector Shape - Group","hd":false,"_render":true},{"ty":"fl","c":{"a":0,"k":[0.8351,0.8249,0.83,1],"ix":4},"o":{"a":0,"k":100,"ix":5},"r":1,"bm":0,"nm":"Fill 1","mn":"ADBE Vector Graphic - Fill","hd":false,"_render":true},{"ty":"tr","p":{"a":0,"k":[1607.45,754.252],"ix":2},"a":{"a":0,"k":[0,0],"ix":1},"s":{"a":0,"k":[100,100],"ix":3},"r":{"a":0,"k":0,"ix":6},"o":{"a":0,"k":100,"ix":7},"sk":{"a":0,"k":0,"ix":4},"sa":{"a":0,"k":0,"ix":5},"nm":"Transform","_render":true}],"nm":"Group 1","np":2,"cix":2,"bm":0,"ix":1,"mn":"ADBE Vector Group","hd":false,"_render":true},{"ty":"gr","it":[{"ind":0,"ty":"sh","ix":1,"ks":{"a":0,"k":{"i":[[9.737,-14.846],[-2.866,14.846],[-9.737,14.846],[2.866,-14.846]],"o":[[9.737,-14.846],[-2.866,14.846],[-9.737,14.846],[2.866,-14.846]],"v":[[9.737,-14.846],[-2.866,14.846],[-9.737,14.846],[2.866,-14.846]],"c":true},"ix":2},"nm":"Path 1","mn":"ADBE Vector Shape - Group","hd":false,"_render":true},{"ty":"fl","c":{"a":0,"k":[0.8351,0.8249,0.83,1],"ix":4},"o":{"a":0,"k":100,"ix":5},"r":1,"bm":0,"nm":"Fill 1","mn":"ADBE Vector Graphic - Fill","hd":false,"_render":true},{"ty":"tr","p":{"a":0,"k":[1584.842,754.252],"ix":2},"a":{"a":0,"k":[0,0],"ix":1},"s":{"a":0,"k":[100,100],"ix":3},"r":{"a":0,"k":0,"ix":6},"o":{"a":0,"k":100,"ix":7},"sk":{"a":0,"k":0,"ix":4},"sa":{"a":0,"k":0,"ix":5},"nm":"Transform","_render":true}],"nm":"Group 2","np":2,"cix":2,"bm":0,"ix":2,"mn":"ADBE Vector Group","hd":false,"_render":true},{"ty":"tr","p":{"a":0,"k":[1584.842,754.252],"ix":2},"a":{"a":0,"k":[1584.842,754.252],"ix":1},"s":{"a":0,"k":[100,100],"ix":3},"r":{"a":0,"k":0,"ix":6},"o":{"a":0,"k":100,"ix":7},"sk":{"a":0,"k":0,"ix":4},"sa":{"a":0,"k":0,"ix":5},"nm":"Transform","_render":true}],"nm":"Group 2","np":2,"cix":2,"bm":0,"ix":2,"mn":"ADBE Vector Group","hd":false,"_render":true},{"ty":"gr","it":[{"ty":"gr","it":[{"ind":0,"ty":"sh","ix":1,"ks":{"a":0,"k":{"i":[[37.222,3.13],[-35.966,3.13],[-39.723,0.841],[-38.847,-1.223],[-37.222,-3.13],[35.966,-3.13],[39.723,-0.841],[38.847,1.223]],"o":[[35.966,3.13],[-38.208,3.13],[-38.847,-1.223],[-38.356,-2.379],[-35.966,-3.13],[38.208,-3.13],[38.847,1.223],[38.356,2.379]],"v":[[35.966,3.13],[-35.966,3.13],[-38.847,-1.223],[-38.847,-1.223],[-35.966,-3.13],[35.966,-3.13],[38.847,1.223],[38.847,1.223]],"c":true},"ix":2},"nm":"Path 1","mn":"ADBE Vector Shape - Group","hd":false,"_render":true},{"ty":"fl","c":{"a":0,"k":[0.8351,0.8249,0.83,1],"ix":4},"o":{"a":0,"k":100,"ix":5},"r":1,"bm":0,"nm":"Fill 1","mn":"ADBE Vector Graphic - Fill","hd":false,"_render":true},{"ty":"tr","p":{"a":0,"k":[1600.713,890.65],"ix":2},"a":{"a":0,"k":[0,0],"ix":1},"s":{"a":0,"k":[100,100],"ix":3},"r":{"a":0,"k":0,"ix":6},"o":{"a":0,"k":100,"ix":7},"sk":{"a":0,"k":0,"ix":4},"sa":{"a":0,"k":0,"ix":5},"nm":"Transform","_render":true}],"nm":"Group 1","np":2,"cix":2,"bm":0,"ix":1,"mn":"ADBE Vector Group","hd":false,"_render":true},{"ty":"gr","it":[{"ind":0,"ty":"sh","ix":1,"ks":{"a":0,"k":{"i":[[37.222,3.13],[-35.966,3.13],[-39.723,0.841],[-38.847,-1.223],[-37.222,-3.13],[35.966,-3.13],[39.723,-0.841],[38.847,1.223]],"o":[[35.966,3.13],[-38.208,3.13],[-38.847,-1.223],[-38.356,-2.379],[-35.966,-3.13],[38.208,-3.13],[38.847,1.223],[38.356,2.379]],"v":[[35.966,3.13],[-35.966,3.13],[-38.847,-1.223],[-38.847,-1.223],[-35.966,-3.13],[35.966,-3.13],[38.847,1.223],[38.847,1.223]],"c":true},"ix":2},"nm":"Path 1","mn":"ADBE Vector Shape - Group","hd":false,"_render":true},{"ty":"fl","c":{"a":0,"k":[0.8351,0.8249,0.83,1],"ix":4},"o":{"a":0,"k":100,"ix":5},"r":1,"bm":0,"nm":"Fill 1","mn":"ADBE Vector Graphic - Fill","hd":false,"_render":true},{"ty":"tr","p":{"a":0,"k":[1575.171,849.29],"ix":2},"a":{"a":0,"k":[0,0],"ix":1},"s":{"a":0,"k":[100,100],"ix":3},"r":{"a":0,"k":0,"ix":6},"o":{"a":0,"k":100,"ix":7},"sk":{"a":0,"k":0,"ix":4},"sa":{"a":0,"k":0,"ix":5},"nm":"Transform","_render":true}],"nm":"Group 2","np":2,"cix":2,"bm":0,"ix":2,"mn":"ADBE Vector Group","hd":false,"_render":true},{"ty":"gr","it":[{"ind":0,"ty":"sh","ix":1,"ks":{"a":0,"k":{"i":[[58.77,3.13],[-57.514,3.13],[-61.272,0.841],[-60.396,-1.223],[-58.77,-3.13],[57.514,-3.13],[61.272,-0.841],[60.396,1.223]],"o":[[57.514,3.13],[-59.756,3.13],[-60.396,-1.223],[-59.905,-2.379],[-57.514,-3.13],[59.756,-3.13],[60.396,1.223],[59.905,2.379]],"v":[[57.514,3.13],[-57.514,3.13],[-60.396,-1.223],[-60.396,-1.223],[-57.514,-3.13],[57.514,-3.13],[60.396,1.223],[60.396,1.223]],"c":true},"ix":2},"nm":"Path 1","mn":"ADBE Vector Shape - Group","hd":false,"_render":true},{"ty":"fl","c":{"a":0,"k":[0.8351,0.8249,0.83,1],"ix":4},"o":{"a":0,"k":100,"ix":5},"r":1,"bm":0,"nm":"Fill 1","mn":"ADBE Vector Graphic - Fill","hd":false,"_render":true},{"ty":"tr","p":{"a":0,"k":[1604.203,831.662],"ix":2},"a":{"a":0,"k":[0,0],"ix":1},"s":{"a":0,"k":[100,100],"ix":3},"r":{"a":0,"k":0,"ix":6},"o":{"a":0,"k":100,"ix":7},"sk":{"a":0,"k":0,"ix":4},"sa":{"a":0,"k":0,"ix":5},"nm":"Transform","_render":true}],"nm":"Group 3","np":2,"cix":2,"bm":0,"ix":3,"mn":"ADBE Vector Group","hd":false,"_render":true},{"ty":"gr","it":[{"ind":0,"ty":"sh","ix":1,"ks":{"a":0,"k":{"i":[[58.77,3.13],[-57.514,3.13],[-61.272,0.841],[-60.396,-1.223],[-58.77,-3.13],[57.514,-3.13],[61.272,-0.841],[60.396,1.223]],"o":[[57.514,3.13],[-59.756,3.13],[-60.396,-1.223],[-59.905,-2.379],[-57.514,-3.13],[59.756,-3.13],[60.396,1.223],[59.905,2.379]],"v":[[57.514,3.13],[-57.514,3.13],[-60.396,-1.223],[-60.396,-1.223],[-57.514,-3.13],[57.514,-3.13],[60.396,1.223],[60.396,1.223]],"c":true},"ix":2},"nm":"Path 1","mn":"ADBE Vector Shape - Group","hd":false,"_render":true},{"ty":"fl","c":{"a":0,"k":[0.8351,0.8249,0.83,1],"ix":4},"o":{"a":0,"k":100,"ix":5},"r":1,"bm":0,"nm":"Fill 1","mn":"ADBE Vector Graphic - Fill","hd":false,"_render":true},{"ty":"tr","p":{"a":0,"k":[1613.043,810.835],"ix":2},"a":{"a":0,"k":[0,0],"ix":1},"s":{"a":0,"k":[100,100],"ix":3},"r":{"a":0,"k":0,"ix":6},"o":{"a":0,"k":100,"ix":7},"sk":{"a":0,"k":0,"ix":4},"sa":{"a":0,"k":0,"ix":5},"nm":"Transform","_render":true}],"nm":"Group 4","np":2,"cix":2,"bm":0,"ix":4,"mn":"ADBE Vector Group","hd":false,"_render":true},{"ty":"gr","it":[{"ind":0,"ty":"sh","ix":1,"ks":{"a":0,"k":{"i":[[58.77,3.13],[-57.514,3.13],[-61.272,0.841],[-60.396,-1.223],[-58.77,-3.13],[57.514,-3.13],[61.272,-0.841],[60.396,1.223]],"o":[[57.514,3.13],[-59.756,3.13],[-60.396,-1.223],[-59.905,-2.379],[-57.514,-3.13],[59.756,-3.13],[60.396,1.223],[59.905,2.379]],"v":[[57.514,3.13],[-57.514,3.13],[-60.396,-1.223],[-60.396,-1.223],[-57.514,-3.13],[57.514,-3.13],[60.396,1.223],[60.396,1.223]],"c":true},"ix":2},"nm":"Path 1","mn":"ADBE Vector Shape - Group","hd":false,"_render":true},{"ty":"fl","c":{"a":0,"k":[0.8351,0.8249,0.83,1],"ix":4},"o":{"a":0,"k":100,"ix":5},"r":1,"bm":0,"nm":"Fill 1","mn":"ADBE Vector Graphic - Fill","hd":false,"_render":true},{"ty":"tr","p":{"a":0,"k":[1621.884,790.009],"ix":2},"a":{"a":0,"k":[0,0],"ix":1},"s":{"a":0,"k":[100,100],"ix":3},"r":{"a":0,"k":0,"ix":6},"o":{"a":0,"k":100,"ix":7},"sk":{"a":0,"k":0,"ix":4},"sa":{"a":0,"k":0,"ix":5},"nm":"Transform","_render":true}],"nm":"Group 5","np":2,"cix":2,"bm":0,"ix":5,"mn":"ADBE Vector Group","hd":false,"_render":true},{"ty":"tr","p":{"a":0,"k":[1621.884,790.009],"ix":2},"a":{"a":0,"k":[1621.884,790.009],"ix":1},"s":{"a":0,"k":[100,100],"ix":3},"r":{"a":0,"k":0,"ix":6},"o":{"a":0,"k":100,"ix":7},"sk":{"a":0,"k":0,"ix":4},"sa":{"a":0,"k":0,"ix":5},"nm":"Transform","_render":true}],"nm":"Group 3","np":5,"cix":2,"bm":0,"ix":3,"mn":"ADBE Vector Group","hd":false,"_render":true},{"ty":"gr","it":[{"ind":0,"ty":"sh","ix":1,"ks":{"a":0,"k":{"i":[[27.509,-96.428],[54.354,96.428],[-54.354,96.428]],"o":[[27.509,-96.428],[54.354,96.428],[-54.354,96.428]],"v":[[27.509,-96.428],[54.354,96.428],[-54.354,96.428]],"c":true},"ix":2},"nm":"Path 1","mn":"ADBE Vector Shape - Group","hd":false,"_render":true},{"ty":"fl","c":{"a":0,"k":[0.8351,0.8249,0.83,1],"ix":4},"o":{"a":0,"k":100,"ix":5},"r":1,"bm":0,"nm":"Fill 1","mn":"ADBE Vector Graphic - Fill","hd":false,"_render":true},{"ty":"tr","p":{"a":0,"k":[1704.071,813.965],"ix":2},"a":{"a":0,"k":[0,0],"ix":1},"s":{"a":0,"k":[100,100],"ix":3},"r":{"a":0,"k":0,"ix":6},"o":{"a":0,"k":100,"ix":7},"sk":{"a":0,"k":0,"ix":4},"sa":{"a":0,"k":0,"ix":5},"nm":"Transform","_render":true}],"nm":"Group 4","np":2,"cix":2,"bm":0,"ix":4,"mn":"ADBE Vector Group","hd":false,"_render":true},{"ty":"gr","it":[{"ind":0,"ty":"sh","ix":1,"ks":{"a":0,"k":{"i":[[83.56,-71.982],[-19.389,-84.11],[-85.416,71.44],[-52.370999999999995,84.11],[85.416,25.974999999999994]],"o":[[80.116,-84.11],[-19.389,-84.11],[-69.829,79.56],[31.981,84.11],[85.416,-59.096000000000004]],"v":[[80.116,-84.11],[-19.389,-84.11],[-85.416,71.44],[-33.936,84.11],[85.416,-45.738]],"c":true},"ix":2},"nm":"Path 1","mn":"ADBE Vector Shape - Group","hd":false,"_render":true},{"ty":"fl","c":{"a":0,"k":[0.952,0.948,0.95,1],"ix":4},"o":{"a":0,"k":100,"ix":5},"r":1,"bm":0,"nm":"Fill 1","mn":"ADBE Vector Graphic - Fill","hd":false,"_render":true},{"ty":"tr","p":{"a":0,"k":[1588.23,801.647],"ix":2},"a":{"a":0,"k":[0,0],"ix":1},"s":{"a":0,"k":[100,100],"ix":3},"r":{"a":0,"k":0,"ix":6},"o":{"a":0,"k":46,"ix":7},"sk":{"a":0,"k":0,"ix":4},"sa":{"a":0,"k":0,"ix":5},"nm":"Transform","_render":true}],"nm":"Group 5","np":2,"cix":2,"bm":6,"ix":5,"mn":"ADBE Vector Group","hd":false,"_render":true},{"ty":"gr","it":[{"ind":0,"ty":"sh","ix":1,"ks":{"a":0,"k":{"i":[[122.278,-96.428],[-40.416,-96.428],[-122.278,96.428],[40.416,96.428]],"o":[[122.278,-96.428],[-40.416,-96.428],[-122.278,96.428],[40.416,96.428]],"v":[[122.278,-96.428],[-40.416,-96.428],[-122.278,96.428],[40.416,96.428]],"c":true},"ix":2},"nm":"Path 1","mn":"ADBE Vector Shape - Group","hd":false,"_render":true},{"ty":"fl","c":{"a":0,"k":[0.952,0.948,0.95,1],"ix":4},"o":{"a":0,"k":100,"ix":5},"r":1,"bm":0,"nm":"Fill 1","mn":"ADBE Vector Graphic - Fill","hd":false,"_render":true},{"ty":"tr","p":{"a":0,"k":[1609.302,813.965],"ix":2},"a":{"a":0,"k":[0,0],"ix":1},"s":{"a":0,"k":[100,100],"ix":3},"r":{"a":0,"k":0,"ix":6},"o":{"a":0,"k":100,"ix":7},"sk":{"a":0,"k":0,"ix":4},"sa":{"a":0,"k":0,"ix":5},"nm":"Transform","_render":true}],"nm":"Group 6","np":2,"cix":2,"bm":0,"ix":6,"mn":"ADBE Vector Group","hd":false,"_render":true}],"ip":0,"op":300,"st":0,"ct":1,"bm":0,"completed":true},{"ddd":0,"ind":2,"ty":4,"nm":"Chair","sr":1,"ks":{"o":{"a":0,"k":100,"ix":11},"r":{"a":0,"k":0,"ix":10},"p":{"a":0,"k":[771.269,1285.874,0],"ix":2,"l":2},"a":{"a":0,"k":[771.269,1285.874,0],"ix":1,"l":2},"s":{"a":0,"k":[100,100,100],"ix":6,"l":2}},"ao":0,"shapes":[{"ty":"gr","it":[{"ind":0,"ty":"sh","ix":1,"ks":{"a":0,"k":{"i":[[-37.708,-249.208],[-50.006,-246.764],[-70.70400000000001,-231.649],[44.797,238.136],[50.881,247.204],[56.364,247.204],[69.506,240.345],[-23.325,-228.913]],"o":[[-50.006,-246.764],[-62.689,-244.244],[-67.617,-219.092],[46.105999999999995,243.46099999999998],[56.364,247.204],[63.870999999999995,247.204],[68.049,232.981],[-25.759,-241.21300000000002]],"v":[[-50.006,-246.764],[-50.006,-246.764],[-67.617,-219.092],[44.797,238.136],[56.364,247.204],[56.364,247.204],[68.049,232.981],[-23.325,-228.913]],"c":true},"ix":2},"nm":"Path 1","mn":"ADBE Vector Shape - Group","hd":false,"_render":true},{"ty":"gf","o":{"a":0,"k":100,"ix":10},"r":1,"bm":0,"g":{"p":3,"k":{"a":0,"k":[0,0.1569,0.1333,0.2392,0.5,0.298,0.3451,0.3882,1,0.328,0.4127,0.492],"ix":9}},"s":{"a":0,"k":[52.232,315.444],"ix":5},"e":{"a":0,"k":[-55.768,-319.054],"ix":6},"t":1,"nm":"Gradient Fill 1","mn":"ADBE Vector Graphic - G-Fill","hd":false,"_render":true},{"ty":"tr","p":{"a":0,"k":[859.257,1465.556],"ix":2},"a":{"a":0,"k":[0,0],"ix":1},"s":{"a":0,"k":[100,100],"ix":3},"r":{"a":0,"k":0,"ix":6},"o":{"a":0,"k":100,"ix":7},"sk":{"a":0,"k":0,"ix":4},"sa":{"a":0,"k":0,"ix":5},"nm":"Transform","_render":true}],"nm":"Group 1","np":2,"cix":2,"bm":0,"ix":1,"mn":"ADBE Vector Group","hd":false,"_render":true},{"ty":"gr","it":[{"ind":0,"ty":"sh","ix":1,"ks":{"a":0,"k":{"i":[[223.228,174.637],[140.248,113.91199999999999],[95.83500000000001,-200.712],[-191.712,-176.586],[-168.334,-163.599],[27.407999999999994,31.424999999999997],[129.886,181.426]],"o":[[176.475,150.292],[68.21699999999998,-5.689000000000007],[-154.757,-200.712],[-194.087,-156.454],[55.02600000000001,-163.599],[97.713,147.298],[201.279,188.476]],"v":[[211.19,168.369],[118.981,67.987],[-95.025,-200.712],[-214.487,-144.827],[-135.834,-163.599],[78.172,105.1],[161.909,200.712]],"c":true},"ix":2},"nm":"Path 1","mn":"ADBE Vector Shape - Group","hd":false,"_render":true},{"ty":"gf","o":{"a":0,"k":100,"ix":10},"r":1,"bm":0,"g":{"p":3,"k":{"a":0,"k":[0,0.2745,0.4558,0.6255,0.5,0.2556,0.3635,0.4644,1,0.1911,0.1232,0.4368],"ix":9}},"s":{"a":0,"k":[-214.924,-0.701],"ix":5},"e":{"a":0,"k":[214.05,-0.701],"ix":6},"t":1,"nm":"Gradient Fill 1","mn":"ADBE Vector Graphic - G-Fill","hd":false,"_render":true},{"ty":"tr","p":{"a":0,"k":[776.413,1059.701],"ix":2},"a":{"a":0,"k":[0,0],"ix":1},"s":{"a":0,"k":[100,100],"ix":3},"r":{"a":0,"k":0,"ix":6},"o":{"a":0,"k":100,"ix":7},"sk":{"a":0,"k":0,"ix":4},"sa":{"a":0,"k":0,"ix":5},"nm":"Transform","_render":true}],"nm":"Group 2","np":2,"cix":2,"bm":0,"ix":2,"mn":"ADBE Vector Group","hd":false,"_render":true},{"ty":"gr","it":[{"ind":0,"ty":"sh","ix":1,"ks":{"a":0,"k":{"i":[[-231.686,-5.499],[-251.911,-212.079],[86.13,-17.056000000000004],[194.388,138.925],[15.941000000000003,256.108]],"o":[[-231.686,-5.499],[113.74800000000002,-212.079],[158.161,102.54499999999999],[263.818,175.079],[-227.352,117.655]],"v":[[-231.686,-5.499],[-77.112,-212.079],[136.894,56.62],[229.103,157.002],[-117.561,180.135]],"c":true},"ix":2},"nm":"Path 1","mn":"ADBE Vector Shape - Group","hd":false,"_render":true},{"ty":"fl","c":{"a":0,"k":[0.1426,0.3156,0.4774,1],"ix":4},"o":{"a":0,"k":100,"ix":5},"r":1,"bm":0,"nm":"Fill 1","mn":"ADBE Vector Graphic - Fill","hd":false,"_render":true},{"ty":"tr","p":{"a":0,"k":[757.851,1071.068],"ix":2},"a":{"a":0,"k":[0,0],"ix":1},"s":{"a":0,"k":[100,100],"ix":3},"r":{"a":0,"k":0,"ix":6},"o":{"a":0,"k":100,"ix":7},"sk":{"a":0,"k":0,"ix":4},"sa":{"a":0,"k":0,"ix":5},"nm":"Transform","_render":true}],"nm":"Group 3","np":2,"cix":2,"bm":0,"ix":3,"mn":"ADBE Vector Group","hd":false,"_render":true},{"ty":"gr","it":[{"ind":0,"ty":"sh","ix":1,"ks":{"a":0,"k":{"i":[[49.669000000000004,-245.519],[77.293,-237.942],[87.564,-229.251],[-62.806,235.957],[-69.52300000000001,244.567],[-74.992,244.175],[-87.61,236.394],[41.377,-235.432]],"o":[[56.017,-243.778],[83.84,-236.14600000000002],[85.476,-222.792],[-64.49199999999999,241.174],[-74.992,244.175],[-82.479,243.638],[-85.63,229.153],[43.113,-241.78199999999998]],"v":[[56.017,-243.778],[77.293,-237.942],[85.476,-222.792],[-62.806,235.957],[-74.992,244.175],[-74.992,244.175],[-85.63,229.153],[41.377,-235.432]],"c":true},"ix":2},"nm":"Path 1","mn":"ADBE Vector Shape - Group","hd":false,"_render":true},{"ty":"gf","o":{"a":0,"k":100,"ix":10},"r":1,"bm":0,"g":{"p":3,"k":{"a":0,"k":[0,0.1569,0.1333,0.2392,0.5,0.298,0.3451,0.3882,1,0.328,0.4127,0.492],"ix":9}},"s":{"a":0,"k":[-88.63,204.169],"ix":5},"e":{"a":0,"k":[91.371,-271.547],"ix":6},"t":1,"nm":"Gradient Fill 1","mn":"ADBE Vector Graphic - G-Fill","hd":false,"_render":true},{"ty":"tr","p":{"a":0,"k":[572.119,1463.831],"ix":2},"a":{"a":0,"k":[0,0],"ix":1},"s":{"a":0,"k":[100,100],"ix":3},"r":{"a":0,"k":0,"ix":6},"o":{"a":0,"k":100,"ix":7},"sk":{"a":0,"k":0,"ix":4},"sa":{"a":0,"k":0,"ix":5},"nm":"Transform","_render":true}],"nm":"Group 4","np":2,"cix":2,"bm":0,"ix":4,"mn":"ADBE Vector Group","hd":false,"_render":true},{"ty":"gr","it":[{"ind":0,"ty":"sh","ix":1,"ks":{"a":0,"k":{"i":[[28.372000000000003,-222.476],[53.454,-217.493],[63.155,-210.409],[-41.054,213.442],[-46.485,221.537],[-51.38,221.537],[-63.113,215.41400000000002],[21.632,-212.965]],"o":[[34.136,-221.331],[59.398,-216.31199999999998],[61.708,-204.524],[-42.223,218.196],[-51.38,221.537],[-58.081,221.537],[-61.812,208.84],[22.772000000000002,-218.73]],"v":[[34.136,-221.331],[53.454,-217.493],[61.708,-204.524],[-41.054,213.442],[-51.38,221.537],[-51.38,221.537],[-61.812,208.84],[21.632,-212.965]],"c":true},"ix":2},"nm":"Path 1","mn":"ADBE Vector Shape - Group","hd":false,"_render":true},{"ty":"gf","o":{"a":0,"k":100,"ix":10},"r":1,"bm":0,"g":{"p":3,"k":{"a":0,"k":[0,0.1569,0.1333,0.2392,0.5,0.298,0.3451,0.3882,1,0.328,0.4127,0.492],"ix":9}},"s":{"a":0,"k":[22.798,274.424],"ix":5},"e":{"a":0,"k":[-17.059,-196.149],"ix":6},"t":1,"nm":"Gradient Fill 1","mn":"ADBE Vector Graphic - G-Fill","hd":false,"_render":true},{"ty":"tr","p":{"a":0,"k":[717.691,1436.576],"ix":2},"a":{"a":0,"k":[0,0],"ix":1},"s":{"a":0,"k":[100,100],"ix":3},"r":{"a":0,"k":0,"ix":6},"o":{"a":0,"k":100,"ix":7},"sk":{"a":0,"k":0,"ix":4},"sa":{"a":0,"k":0,"ix":5},"nm":"Transform","_render":true}],"nm":"Group 5","np":2,"cix":2,"bm":0,"ix":5,"mn":"ADBE Vector Group","hd":false,"_render":true},{"ty":"gr","it":[{"ind":0,"ty":"sh","ix":1,"ks":{"a":0,"k":{"i":[[-55.826,-216.089],[-80.102,-208.05],[-88.855,-199.82500000000002],[66.822,207.942],[73.21,215.306],[78.068,214.702],[88.956,207.179],[-47.965,-207.481]],"o":[[-61.405,-214.242],[-85.855,-206.145],[-86.694,-194.163],[68.568,212.51500000000001],[78.068,214.702],[84.718,213.876],[86.855,200.815],[-49.80800000000001,-213.061]],"v":[[-61.405,-214.242],[-80.102,-208.05],[-86.694,-194.163],[66.822,207.942],[78.068,214.702],[78.068,214.702],[86.855,200.815],[-47.965,-207.481]],"c":true},"ix":2},"nm":"Path 1","mn":"ADBE Vector Shape - Group","hd":false,"_render":true},{"ty":"gf","o":{"a":0,"k":100,"ix":10},"r":1,"bm":0,"g":{"p":3,"k":{"a":0,"k":[0,0.1569,0.1333,0.2392,0.5,0.298,0.3451,0.3882,1,0.328,0.4127,0.492],"ix":9}},"s":{"a":0,"k":[20.409,253.43],"ix":5},"e":{"a":0,"k":[-19.448,-217.142],"ix":6},"t":1,"nm":"Gradient Fill 1","mn":"ADBE Vector Graphic - G-Fill","hd":false,"_render":true},{"ty":"tr","p":{"a":0,"k":[969.08,1436.57],"ix":2},"a":{"a":0,"k":[0,0],"ix":1},"s":{"a":0,"k":[100,100],"ix":3},"r":{"a":0,"k":0,"ix":6},"o":{"a":0,"k":100,"ix":7},"sk":{"a":0,"k":0,"ix":4},"sa":{"a":0,"k":0,"ix":5},"nm":"Transform","_render":true}],"nm":"Group 6","np":2,"cix":2,"bm":0,"ix":6,"mn":"ADBE Vector Group","hd":false,"_render":true}],"ip":0,"op":300,"st":0,"ct":1,"bm":0,"completed":true},{"ddd":0,"ind":3,"ty":4,"nm":"Body","sr":1,"ks":{"o":{"a":0,"k":100,"ix":11},"r":{"a":1,"k":[{"i":{"x":[0.5],"y":[1]},"o":{"x":[0.5],"y":[0]},"t":0,"s":[0]},{"i":{"x":[0.5],"y":[1]},"o":{"x":[0.5],"y":[0]},"t":20,"s":[2]},{"i":{"x":[0.5],"y":[1]},"o":{"x":[0.5],"y":[0]},"t":50,"s":[2]},{"t":70,"s":[0]}],"ix":10},"p":{"a":0,"k":[725.656,1049.757,0],"ix":2,"l":2},"a":{"a":0,"k":[725.656,1049.757,0],"ix":1,"l":2},"s":{"a":0,"k":[100,100,100],"ix":6,"l":2}},"ao":0,"shapes":[{"ty":"gr","it":[{"ind":0,"ty":"sh","ix":1,"ks":{"a":0,"k":{"i":[[18.954,-195.458],[-65.84100000000001,57.131],[-38.295,139.539],[76.004,119.477],[45.428999999999995,-88.872],[49.097,-113.638],[49.532000000000004,-113.95299999999999],[55.361,-144.632]],"o":[[-61.091,-106.079],[-63.713,68.2],[37.260000000000005,159.442],[34.311,30.134999999999998],[48.748,-113.837],[49.498,-113.658],[51.421,-125.87299999999999],[38.729,-189.31400000000002]],"v":[[-7.76,-165.629],[-64.569,63.748],[-21.752,185.749],[61.792,89.023],[48.422,-113.946],[49.464,-113.367],[49.564,-114.222],[59.574,-165.496]],"c":true},"ix":2},"nm":"Path 1","mn":"ADBE Vector Shape - Group","hd":false,"_render":true},{"ty":"gf","o":{"a":0,"k":100,"ix":10},"r":1,"bm":0,"g":{"p":3,"k":{"a":0,"k":[0,0.9652,0.4548,0.71,0.5,0.93,0.37,0.65,1,0.304,0.6099,0.896],"ix":9}},"s":{"a":0,"k":[-65.896,-12.373],"ix":5},"e":{"a":0,"k":[129.092,21.3],"ix":6},"t":1,"nm":"Gradient Fill 1","mn":"ADBE Vector Graphic - G-Fill","hd":false,"_render":true},{"ty":"tr","p":{"a":0,"k":[824.385,936.373],"ix":2},"a":{"a":0,"k":[0,0],"ix":1},"s":{"a":0,"k":[100,100],"ix":3},"r":{"a":0,"k":0,"ix":6},"o":{"a":0,"k":33,"ix":7},"sk":{"a":0,"k":0,"ix":4},"sa":{"a":0,"k":0,"ix":5},"nm":"Transform","_render":true}],"nm":"Group 1","np":2,"cix":2,"bm":1,"ix":1,"mn":"ADBE Vector Group","hd":false,"_render":true},{"ty":"gr","it":[{"ind":0,"ty":"sh","ix":1,"ks":{"a":0,"k":{"i":[[-163.263,-9.433],[-164.708,-71.55100000000002],[-118.437,-271.70599999999996],[140.513,-244.906],[144.51500000000001,-102.63],[124.18299999999999,80.475],[-28.959000000000003,312.718]],"o":[[-163.263,-9.433],[-124.25800000000001,-224.681],[150.219,-253.57399999999998],[174.094,-221.403],[135.30100000000002,-38.532],[182.00099999999998,204.37099999999998],[-161.819,81.578]],"v":[[-163.263,-9.433],[-144.483,-148.116],[15.891,-262.64],[159.09,-231.904],[138.294,-63.606],[151.664,139.363],[-163.286,239.042]],"c":true},"ix":2},"nm":"Path 1","mn":"ADBE Vector Shape - Group","hd":false,"_render":true},{"ty":"gf","o":{"a":0,"k":100,"ix":10},"r":1,"bm":0,"g":{"p":3,"k":{"a":0,"k":[0,0.9652,0.4548,0.71,0.5,0.93,0.37,0.65,1,0.304,0.6099,0.896],"ix":9}},"s":{"a":0,"k":[-178.167,-11.757],"ix":5},"e":{"a":0,"k":[433.068,34.2],"ix":6},"t":1,"nm":"Gradient Fill 1","mn":"ADBE Vector Graphic - G-Fill","hd":false,"_render":true},{"ty":"tr","p":{"a":0,"k":[735.656,885.757],"ix":2},"a":{"a":0,"k":[0,0],"ix":1},"s":{"a":0,"k":[100,100],"ix":3},"r":{"a":0,"k":0,"ix":6},"o":{"a":0,"k":100,"ix":7},"sk":{"a":0,"k":0,"ix":4},"sa":{"a":0,"k":0,"ix":5},"nm":"Transform","_render":true}],"nm":"Group 2","np":2,"cix":2,"bm":0,"ix":2,"mn":"ADBE Vector Group","hd":false,"_render":true}],"ip":0,"op":300,"st":0,"ct":1,"bm":0,"completed":true},{"ddd":0,"ind":4,"ty":4,"nm":"Hand Right","parent":3,"sr":1,"ks":{"o":{"a":0,"k":100,"ix":11},"r":{"a":1,"k":[{"i":{"x":[0.667],"y":[1]},"o":{"x":[0.333],"y":[0]},"t":20,"s":[-5]},{"i":{"x":[0.667],"y":[1]},"o":{"x":[0.333],"y":[0]},"t":30,"s":[-2]},{"t":40,"s":[-5]}],"ix":10},"p":{"a":0,"k":[879.186,701.122,0],"ix":2,"l":2},"a":{"a":0,"k":[879.186,701.122,0],"ix":1,"l":2},"s":{"a":0,"k":[100,100,100],"ix":6,"l":2}},"ao":0,"shapes":[{"ty":"gr","it":[{"ty":"gr","it":[{"ind":0,"ty":"sh","ix":1,"ks":{"a":0,"k":{"i":[[149.572,13.440000000000001],[-7.929999999999993,96.682],[-119.38899999999998,-63.026],[-202.118,-115.63399999999999],[-150.234,-34.919],[-103.47800000000001,69.345],[39.74799999999999,74.584]],"o":[[132.613,11.626000000000001],[-97.55499999999999,-21.752000000000002],[-182.117,-142.63400000000001],[-150.20000000000002,-35.214],[-138.139,-25.675],[-14.678000000000004,95.53099999999999],[151.381,24.794]],"v":[[145.912,3.319],[-66.734,18.976],[-140.158,-86.757],[-150.168,-35.483],[-150.268,-34.628],[-56.319,83.252],[149.539,35.579]],"c":true},"ix":2},"nm":"Path 1","mn":"ADBE Vector Shape - Group","hd":false,"_render":true},{"ty":"gf","o":{"a":0,"k":100,"ix":10},"r":1,"bm":0,"g":{"p":3,"k":{"a":0,"k":[0,0.9652,0.4548,0.71,0.5,0.93,0.37,0.65,1,0.304,0.6099,0.896],"ix":9}},"s":{"a":0,"k":[-223.628,-119.634],"ix":5},"e":{"a":0,"k":[510.044,329.184],"ix":6},"t":1,"nm":"Gradient Fill 1","mn":"ADBE Vector Graphic - G-Fill","hd":false,"_render":true},{"ty":"tr","p":{"a":0,"k":[1024.117,857.634],"ix":2},"a":{"a":0,"k":[0,0],"ix":1},"s":{"a":0,"k":[100,100],"ix":3},"r":{"a":0,"k":0,"ix":6},"o":{"a":0,"k":33,"ix":7},"sk":{"a":0,"k":0,"ix":4},"sa":{"a":0,"k":0,"ix":5},"nm":"Transform","_render":true}],"nm":"Group 1","np":2,"cix":2,"bm":1,"ix":1,"mn":"ADBE Vector Group","hd":false,"_render":true},{"ty":"gr","it":[{"ind":0,"ty":"sh","ix":1,"ks":{"a":0,"k":{"i":[[132.725,30.39],[39.554,32.818],[-17.568,29.433],[-114.99,-134.63],[-195.147,-155.712],[-169.73999999999998,-13.984000000000002],[-104.386,127.298],[40.268,132.958]],"o":[[109.963,29.125999999999998],[-6.57,35.324999999999996],[-48.497,-23.11],[-145.739,-156.984],[-200.73999999999998,-60.98499999999999],[-139.709,26.862000000000002],[-14.158000000000001,153.905],[155.115,64.33800000000001]],"v":[[119.723,29.668],[5.052,34.693],[-23.472,19.403],[-129.994,-145.131],[-197.426,-117.109],[-150.79,23.167],[-55.799,141.626],[150.059,93.953]],"c":true},"ix":2},"nm":"Path 1","mn":"ADBE Vector Shape - Group","hd":false,"_render":true},{"ty":"gf","o":{"a":0,"k":100,"ix":10},"r":1,"bm":0,"g":{"p":3,"k":{"a":0,"k":[0,0.9652,0.4548,0.71,0.5,0.93,0.37,0.65,1,0.304,0.6099,0.896],"ix":9}},"s":{"a":0,"k":[-459.25,-28.985],"ix":5},"e":{"a":0,"k":[151.984,16.973],"ix":6},"t":1,"nm":"Gradient Fill 1","mn":"ADBE Vector Graphic - G-Fill","hd":false,"_render":true},{"ty":"tr","p":{"a":0,"k":[1024.74,798.985],"ix":2},"a":{"a":0,"k":[0,0],"ix":1},"s":{"a":0,"k":[100,100],"ix":3},"r":{"a":0,"k":0,"ix":6},"o":{"a":0,"k":100,"ix":7},"sk":{"a":0,"k":0,"ix":4},"sa":{"a":0,"k":0,"ix":5},"nm":"Transform","_render":true}],"nm":"Group 2","np":2,"cix":2,"bm":0,"ix":2,"mn":"ADBE Vector Group","hd":false,"_render":true},{"ty":"tr","p":{"a":0,"k":[1024.74,798.985],"ix":2},"a":{"a":0,"k":[1024.74,798.985],"ix":1},"s":{"a":0,"k":[100,100],"ix":3},"r":{"a":0,"k":0,"ix":6},"o":{"a":0,"k":100,"ix":7},"sk":{"a":0,"k":0,"ix":4},"sa":{"a":0,"k":0,"ix":5},"nm":"Transform","_render":true}],"nm":"Group 1","np":2,"cix":2,"bm":0,"ix":1,"mn":"ADBE Vector Group","hd":false,"_render":true},{"ty":"gr","it":[{"ind":0,"ty":"sh","ix":1,"ks":{"a":0,"k":{"i":[[-47.656,-28.937],[-7.718999999999999,-43.679],[44.76,-0.31400000000000006],[23.09,13.745999999999999],[-3.6189999999999998,36.138],[-50.586,-24.966]],"o":[[-47.656,-28.937],[34.647,-18.396],[54.513,52.31],[10.087999999999997,7.968],[-41.195,21.692],[-50.586,-24.966]],"v":[[-47.656,-28.937],[12.255,-31.759],[50.177,28.915],[16.589,10.857],[-22.407,28.915],[-50.586,-24.966]],"c":false},"ix":2},"nm":"Path 1","mn":"ADBE Vector Shape - Group","hd":false,"_render":true},{"ty":"fl","c":{"a":0,"k":[0.9294,0.3137,0.6196,1],"ix":4},"o":{"a":0,"k":100,"ix":5},"r":1,"bm":0,"nm":"Fill 1","mn":"ADBE Vector Graphic - Fill","hd":false,"_render":true},{"ty":"tr","p":{"a":0,"k":[1197.937,859.689],"ix":2},"a":{"a":0,"k":[0,0],"ix":1},"s":{"a":0,"k":[100,100],"ix":3},"r":{"a":0,"k":0,"ix":6},"o":{"a":0,"k":100,"ix":7},"sk":{"a":0,"k":0,"ix":4},"sa":{"a":0,"k":0,"ix":5},"nm":"Transform","_render":true}],"nm":"Group 2","np":2,"cix":2,"bm":0,"ix":2,"mn":"ADBE Vector Group","hd":false,"_render":true}],"ip":0,"op":300,"st":0,"ct":1,"bm":0,"completed":true},{"ddd":0,"ind":5,"ty":4,"nm":"Hand Left","parent":3,"sr":1,"ks":{"o":{"a":0,"k":100,"ix":11},"r":{"a":0,"k":0,"ix":10},"p":{"a":0,"k":[578.948,786.252,0],"ix":2,"l":2},"a":{"a":0,"k":[578.948,786.252,0],"ix":1,"l":2},"s":{"a":0,"k":[100,100,100],"ix":6,"l":2}},"ao":0,"shapes":[{"ty":"gr","it":[{"ind":0,"ty":"sh","ix":1,"ks":{"a":0,"k":{"i":[[59.337,-77.056],[45.451,-123.343],[-106.344,37.093999999999994],[4.175000000000004,120.821]],"o":[[51.709,-104.77199999999999],[45.451,-123.343],[-23.718999999999998,124.44699999999999],[41.472,109.321]],"v":[[59.337,-77.056],[45.451,-123.343],[-44.54,123.064],[41.472,109.321]],"c":true},"ix":2},"nm":"Path 1","mn":"ADBE Vector Shape - Group","hd":false,"_render":true},{"ty":"gf","o":{"a":0,"k":100,"ix":10},"r":1,"bm":0,"g":{"p":3,"k":{"a":0,"k":[0,0.9652,0.4548,0.71,0.5,0.93,0.37,0.65,1,0.304,0.6099,0.896],"ix":9}},"s":{"a":0,"k":[-59.439,-0.797],"ix":5},"e":{"a":0,"k":[59.234,-0.797],"ix":6},"t":1,"nm":"Gradient Fill 1","mn":"ADBE Vector Graphic - G-Fill","hd":false,"_render":true},{"ty":"tr","p":{"a":0,"k":[598.929,819.797],"ix":2},"a":{"a":0,"k":[0,0],"ix":1},"s":{"a":0,"k":[100,100],"ix":3},"r":{"a":0,"k":0,"ix":6},"o":{"a":0,"k":33,"ix":7},"sk":{"a":0,"k":0,"ix":4},"sa":{"a":0,"k":0,"ix":5},"nm":"Transform","_render":true}],"nm":"Group 1","np":2,"cix":2,"bm":1,"ix":1,"mn":"ADBE Vector Group","hd":false,"_render":true},{"ty":"gr","it":[{"ind":0,"ty":"sh","ix":1,"ks":{"a":0,"k":{"i":[[87.186,-156.893],[25.227000000000004,-156.17000000000002],[-85.262,79.787],[-114.90100000000001,196.316]],"o":[[87.186,-156.893],[-87.453,69.19],[-85.262,79.787],[58.453,142.865]],"v":[[87.186,-156.893],[-31.113,-43.49],[-85.262,79.787],[58.453,142.865]],"c":true},"ix":2},"nm":"Path 1","mn":"ADBE Vector Shape - Group","hd":false,"_render":true},{"ty":"gf","o":{"a":0,"k":100,"ix":10},"r":1,"bm":0,"g":{"p":3,"k":{"a":0,"k":[0,0.9652,0.4548,0.71,0.5,0.93,0.37,0.65,1,0.304,0.6099,0.896],"ix":9}},"s":{"a":0,"k":[-77.458,-58.252],"ix":5},"e":{"a":0,"k":[254.257,135.569],"ix":6},"t":1,"nm":"Gradient Fill 1","mn":"ADBE Vector Graphic - G-Fill","hd":false,"_render":true},{"ty":"tr","p":{"a":0,"k":[578.948,786.252],"ix":2},"a":{"a":0,"k":[0,0],"ix":1},"s":{"a":0,"k":[100,100],"ix":3},"r":{"a":0,"k":0,"ix":6},"o":{"a":0,"k":100,"ix":7},"sk":{"a":0,"k":0,"ix":4},"sa":{"a":0,"k":0,"ix":5},"nm":"Transform","_render":true}],"nm":"Group 2","np":2,"cix":2,"bm":0,"ix":2,"mn":"ADBE Vector Group","hd":false,"_render":true}],"ip":0,"op":300,"st":0,"ct":1,"bm":0,"completed":true},{"ddd":0,"ind":6,"ty":4,"nm":"Head","parent":3,"sr":1,"ks":{"o":{"a":0,"k":100,"ix":11},"r":{"a":0,"k":0,"ix":10},"p":{"a":0,"k":[753.372,619.365,0],"ix":2,"l":2},"a":{"a":0,"k":[753.372,619.365,0],"ix":1,"l":2},"s":{"a":0,"k":[100,100,100],"ix":6,"l":2}},"ao":0,"shapes":[{"ty":"gr","it":[{"ty":"gr","it":[{"ind":0,"ty":"sh","ix":1,"ks":{"a":0,"k":{"i":[[-19.066,-12.45],[-44.249,-20.568],[-27.101,30.102],[54.761,-3.1239999999999988],[42.550999999999995,-28.796]],"o":[[-45.006,-21.625],[-24.451999999999998,6.747],[9.978000000000002,35.399],[43.335,-27.014999999999997],[12.502999999999997,-9.643999999999998]],"v":[[-45.747,-22.671],[-43.473,-19.497],[-27.101,30.102],[44.167,-25.275],[41.812,-30.596]],"c":true},"ix":2},"nm":"Path 1","mn":"ADBE Vector Shape - Group","hd":false,"_render":true},{"ty":"gf","o":{"a":0,"k":100,"ix":10},"r":1,"bm":0,"g":{"p":3,"k":{"a":0,"k":[0,0.1569,0.1333,0.2392,0.5,0.298,0.3451,0.3882,1,0.328,0.4127,0.492],"ix":9}},"s":{"a":0,"k":[-14.985,-168.484],"ix":5},"e":{"a":0,"k":[4.866,33.324],"ix":6},"t":1,"nm":"Gradient Fill 1","mn":"ADBE Vector Graphic - G-Fill","hd":false,"_render":true},{"ty":"tr","p":{"a":0,"k":[743.474,552.484],"ix":2},"a":{"a":0,"k":[0,0],"ix":1},"s":{"a":0,"k":[100,100],"ix":3},"r":{"a":0,"k":0,"ix":6},"o":{"a":0,"k":100,"ix":7},"sk":{"a":0,"k":0,"ix":4},"sa":{"a":0,"k":0,"ix":5},"nm":"Transform","_render":true}],"nm":"Group 1","np":2,"cix":2,"bm":0,"ix":1,"mn":"ADBE Vector Group","hd":false,"_render":true},{"ty":"gr","it":[{"ind":0,"ty":"sh","ix":1,"ks":{"a":0,"k":{"i":[[27.836000000000002,56.268],[30.928,37.717],[19.371000000000002,35.79],[-13.222999999999999,-32.756],[-21.643,-56.899],[-28.085,-0.3329999999999984],[-10.086000000000002,55.47]],"o":[[29.545,46.012],[30.928,37.717],[-16.069999999999997,17.184],[-15.082999999999998,-59.705],[-25.111,-31.316],[-33.433,44.833],[17.676,62.877]],"v":[[29.545,46.012],[30.928,37.717],[0.109,25.678],[-8.758,-60.795],[-28.408,-51.995],[-30.709,21.826],[7.63,60.197]],"c":true},"ix":2},"nm":"Path 1","mn":"ADBE Vector Shape - Group","hd":false,"_render":true},{"ty":"gf","o":{"a":0,"k":100,"ix":10},"r":1,"bm":0,"g":{"p":3,"k":{"a":0,"k":[0,0.1569,0.1333,0.2392,0.5,0.298,0.3451,0.3882,1,0.328,0.4127,0.492],"ix":9}},"s":{"a":0,"k":[-19.975,-171.203],"ix":5},"e":{"a":0,"k":[-0.785,23.89],"ix":6},"t":1,"nm":"Gradient Fill 1","mn":"ADBE Vector Graphic - G-Fill","hd":false,"_render":true},{"ty":"tr","p":{"a":0,"k":[841.464,549.203],"ix":2},"a":{"a":0,"k":[0,0],"ix":1},"s":{"a":0,"k":[100,100],"ix":3},"r":{"a":0,"k":0,"ix":6},"o":{"a":0,"k":100,"ix":7},"sk":{"a":0,"k":0,"ix":4},"sa":{"a":0,"k":0,"ix":5},"nm":"Transform","_render":true}],"nm":"Group 2","np":2,"cix":2,"bm":0,"ix":2,"mn":"ADBE Vector Group","hd":false,"_render":true},{"ty":"tr","p":{"a":0,"k":[841.464,549.203],"ix":2},"a":{"a":0,"k":[841.464,549.203],"ix":1},"s":{"a":0,"k":[100,100],"ix":3},"r":{"a":0,"k":0,"ix":6},"o":{"a":0,"k":100,"ix":7},"sk":{"a":0,"k":0,"ix":4},"sa":{"a":0,"k":0,"ix":5},"nm":"Transform","_render":true}],"nm":"Group 1","np":2,"cix":2,"bm":1,"ix":1,"mn":"ADBE Vector Group","hd":false,"_render":true},{"ty":"gr","it":[{"ind":0,"ty":"sh","ix":1,"ks":{"a":0,"k":{"i":[[-16.608,-8.259],[2.578,31.804],[18.061,-15.85],[19.442,-26.637999999999998]],"o":[[-19.98,30.412],[4.744999999999999,0.021999999999998465],[18.808,-21.319],[11.267000000000001,-27.218999999999998]],"v":[[-19.98,30.412],[2.578,31.804],[18.061,-15.85],[19.98,-31.804]],"c":true},"ix":2},"nm":"Path 1","mn":"ADBE Vector Shape - Group","hd":false,"_render":true},{"ty":"fl","c":{"a":0,"k":[0.9294,0.3137,0.6196,1],"ix":4},"o":{"a":0,"k":100,"ix":5},"r":1,"bm":0,"nm":"Fill 1","mn":"ADBE Vector Graphic - Fill","hd":false,"_render":true},{"ty":"tr","p":{"a":0,"k":[794.091,599.658],"ix":2},"a":{"a":0,"k":[0,0],"ix":1},"s":{"a":0,"k":[100,100],"ix":3},"r":{"a":0,"k":0,"ix":6},"o":{"a":0,"k":26,"ix":7},"sk":{"a":0,"k":0,"ix":4},"sa":{"a":0,"k":0,"ix":5},"nm":"Transform","_render":true}],"nm":"Group 2","np":2,"cix":2,"bm":1,"ix":2,"mn":"ADBE Vector Group","hd":false,"_render":true},{"ty":"gr","it":[{"ind":0,"ty":"sh","ix":1,"ks":{"a":0,"k":{"i":[[79.419,109.744],[68.518,125.363],[16.581,107.906],[29.014,-13.023],[-14.325,18.276999999999997],[-37.919999999999995,101.102],[-72.35,72.451],[-123.634,-11.097000000000001],[-118.337,-76.58600000000001],[-41.69800000000001,-146.58100000000002],[87.61999999999999,-102.56],[124.359,-104.997],[129.713,-73.465],[96.799,-39.13],[48.649,-29.982],[30.939,77.989],[81.02,100.139]],"o":[[77.841,119.214],[41.348,118.48400000000001],[23.717,47.651],[-18.178,-10.133],[6.8629999999999995,62.57899999999999],[-74.999,95.805],[-117.279,10.460999999999999],[-126.52399999999999,-50.583],[-84.232,-108.601],[83.81099999999999,-103.60300000000001],[111.042,-98.909],[124.359,-104.997],[107.475,-43.771],[60.965999999999994,-42.681],[38.644000000000005,9.128],[69.463,98.213],[81.02,100.139]],"v":[[79.419,109.744],[59.211,123.007],[19.383,84.248],[5.418,-11.578],[-3.731,40.428],[-74.999,95.805],[-91.371,46.207],[-125.079,-30.84],[-92.334,-84.772],[80.085,-104.879],[91.511,-101.953],[124.359,-104.997],[114.002,-52.486],[85.964,-40.204],[43.941,-11.578],[50.201,88.101],[81.02,100.139]],"c":true},"ix":2},"nm":"Path 1","mn":"ADBE Vector Shape - Group","hd":false,"_render":true},{"ty":"gf","o":{"a":0,"k":100,"ix":10},"r":1,"bm":0,"g":{"p":3,"k":{"a":0,"k":[0,0.1569,0.1333,0.2392,0.5,0.298,0.3451,0.3882,1,0.328,0.4127,0.492],"ix":9}},"s":{"a":0,"k":[-154.883,67.22],"ix":5},"e":{"a":0,"k":[133.319,-49.794],"ix":6},"t":1,"nm":"Gradient Fill 1","mn":"ADBE Vector Graphic - G-Fill","hd":false,"_render":true},{"ty":"tr","p":{"a":0,"k":[791.372,486.78],"ix":2},"a":{"a":0,"k":[0,0],"ix":1},"s":{"a":0,"k":[100,100],"ix":3},"r":{"a":0,"k":0,"ix":6},"o":{"a":0,"k":100,"ix":7},"sk":{"a":0,"k":0,"ix":4},"sa":{"a":0,"k":0,"ix":5},"nm":"Transform","_render":true}],"nm":"Group 3","np":2,"cix":2,"bm":0,"ix":3,"mn":"ADBE Vector Group","hd":false,"_render":true},{"ty":"gr","it":[{"ind":0,"ty":"sh","ix":1,"ks":{"a":0,"k":{"i":[[62.400999999999996,-37.163000000000004],[39.02,52.367000000000004],[-56.809,78.371],[-43.443,35.273],[16.99,-80.537],[52.336,-84.149]],"o":[[52.336,36.495],[36.853,84.149],[-56.809,78.371],[-43.443,35.273],[16.99,-80.537],[52.336,-84.149]],"v":[[52.336,36.495],[36.853,84.149],[-56.809,78.371],[-43.443,35.273],[16.99,-80.537],[52.336,-84.149]],"c":true},"ix":2},"nm":"Path 1","mn":"ADBE Vector Shape - Group","hd":false,"_render":true},{"ty":"fl","c":{"a":0,"k":[0.9294,0.3137,0.6196,1],"ix":4},"o":{"a":0,"k":100,"ix":5},"r":1,"bm":0,"nm":"Fill 1","mn":"ADBE Vector Graphic - Fill","hd":false,"_render":true},{"ty":"tr","p":{"a":0,"k":[759.816,547.313],"ix":2},"a":{"a":0,"k":[0,0],"ix":1},"s":{"a":0,"k":[100,100],"ix":3},"r":{"a":0,"k":0,"ix":6},"o":{"a":0,"k":100,"ix":7},"sk":{"a":0,"k":0,"ix":4},"sa":{"a":0,"k":0,"ix":5},"nm":"Transform","_render":true}],"nm":"Group 4","np":2,"cix":2,"bm":0,"ix":4,"mn":"ADBE Vector Group","hd":false,"_render":true},{"ty":"gr","it":[{"ind":0,"ty":"sh","ix":1,"ks":{"a":0,"k":{"i":[[35.88,-64.334],[39.669,-42.729],[27.208,18.532],[33.818999999999996,33.279],[34.234,42.556000000000004],[28.146,46.072],[20.465,51.431],[14.345,78.973],[-25.623,71.268],[-36.698,-17.335],[-3.472,-78.973]],"o":[[35.88,-64.334],[26.433,2.1420000000000012],[33.771,33.172],[35.775,37.594],[29.269,45.491],[23.198999999999998,48.235],[19.596,55.341],[14.345,78.973],[-25.623,71.268],[-36.698,-17.335],[-3.472,-78.973]],"v":[[35.88,-64.334],[30.939,-13.133],[33.723,33.064],[33.867,33.384],[30.255,44.908],[26.869,46.631],[19.596,55.341],[14.345,78.973],[-25.623,71.268],[-36.698,-17.335],[-3.472,-78.973]],"c":true},"ix":2},"nm":"Path 1","mn":"ADBE Vector Shape - Group","hd":false,"_render":true},{"ty":"fl","c":{"a":0,"k":[0.9294,0.3137,0.6196,1],"ix":4},"o":{"a":0,"k":100,"ix":5},"r":1,"bm":0,"nm":"Fill 1","mn":"ADBE Vector Graphic - Fill","hd":false,"_render":true},{"ty":"tr","p":{"a":0,"k":[858.047,507.947],"ix":2},"a":{"a":0,"k":[0,0],"ix":1},"s":{"a":0,"k":[100,100],"ix":3},"r":{"a":0,"k":0,"ix":6},"o":{"a":0,"k":100,"ix":7},"sk":{"a":0,"k":0,"ix":4},"sa":{"a":0,"k":0,"ix":5},"nm":"Transform","_render":true}],"nm":"Group 5","np":2,"cix":2,"bm":0,"ix":5,"mn":"ADBE Vector Group","hd":false,"_render":true}],"ip":0,"op":300,"st":0,"ct":1,"bm":0,"completed":true},{"ddd":0,"ind":7,"ty":4,"nm":"Legs","sr":1,"ks":{"o":{"a":0,"k":100,"ix":11},"r":{"a":0,"k":0,"ix":10},"p":{"a":0,"k":[880.297,1320.869,0],"ix":2,"l":2},"a":{"a":0,"k":[880.297,1320.869,0],"ix":1,"l":2},"s":{"a":0,"k":[100,100,100],"ix":6,"l":2}},"ao":0,"shapes":[{"ty":"gr","it":[{"ind":0,"ty":"sh","ix":1,"ks":{"a":0,"k":{"i":[[-29.914,159.81099999999998],[54.682,-160.462],[3.055,-152.468],[-13.773000000000003,-29.86800000000001],[-52.924,133.19]],"o":[[15.876999999999999,49.831999999999994],[54.682,-160.462],[3.055,-152.468],[-50.759,118.52199999999999],[-43.004000000000005,156.304]],"v":[[-17.559,160.462],[54.682,-160.462],[3.055,-152.468],[-48.524,104.597],[-54.682,147.351]],"c":true},"ix":2},"nm":"Path 1","mn":"ADBE Vector Shape - Group","hd":false,"_render":true},{"ty":"fl","c":{"a":0,"k":[0.1991,0.1372,0.4228,1],"ix":4},"o":{"a":0,"k":100,"ix":5},"r":1,"bm":0,"nm":"Fill 1","mn":"ADBE Vector Graphic - Fill","hd":false,"_render":true},{"ty":"tr","p":{"a":0,"k":[1046.062,1375.501],"ix":2},"a":{"a":0,"k":[0,0],"ix":1},"s":{"a":0,"k":[100,100],"ix":3},"r":{"a":0,"k":0,"ix":6},"o":{"a":0,"k":30,"ix":7},"sk":{"a":0,"k":0,"ix":4},"sa":{"a":0,"k":0,"ix":5},"nm":"Transform","_render":true}],"nm":"Group 1","np":2,"cix":2,"bm":1,"ix":1,"mn":"ADBE Vector Group","hd":false,"_render":true},{"ty":"gr","it":[{"ind":0,"ty":"sh","ix":1,"ks":{"a":0,"k":{"i":[[-186.752,-209.36599999999999],[89.11200000000001,-233.775],[201.77700000000002,-128.31799999999998],[12.531000000000002,264.618],[38.535,-64.755],[-120.37299999999999,-47.419000000000004]],"o":[[-120.336,-248.296],[188.775,-131.208],[65.983,238.615],[18.31,82.596],[38.535,-64.755],[-195.493,-87.869]],"v":[[-120.336,-248.296],[164.947,-167.323],[65.983,238.615],[-23.584,231.392],[38.535,-64.755],[-157.933,-67.644]],"c":true},"ix":2},"nm":"Path 1","mn":"ADBE Vector Shape - Group","hd":false,"_render":true},{"ty":"fl","c":{"a":0,"k":[0.1991,0.1372,0.4228,1],"ix":4},"o":{"a":0,"k":100,"ix":5},"r":1,"bm":0,"nm":"Fill 1","mn":"ADBE Vector Graphic - Fill","hd":false,"_render":true},{"ty":"tr","p":{"a":0,"k":[1010.582,1287.788],"ix":2},"a":{"a":0,"k":[0,0],"ix":1},"s":{"a":0,"k":[100,100],"ix":3},"r":{"a":0,"k":0,"ix":6},"o":{"a":0,"k":100,"ix":7},"sk":{"a":0,"k":0,"ix":4},"sa":{"a":0,"k":0,"ix":5},"nm":"Transform","_render":true}],"nm":"Group 2","np":2,"cix":2,"bm":0,"ix":2,"mn":"ADBE Vector Group","hd":false,"_render":true},{"ty":"gr","it":[{"ty":"gr","it":[{"ind":0,"ty":"sh","ix":1,"ks":{"a":0,"k":{"i":[[-193.493,-209.36599999999999],[82.372,-233.775],[195.037,-128.31799999999998],[5.791999999999998,264.618],[31.795,-64.755],[-80.513,-59.403000000000006]],"o":[[-127.077,-248.296],[182.035,-131.208],[59.243,238.615],[11.569999999999997,82.596],[31.795,-64.755],[-186.428,-113.469]],"v":[[-127.077,-248.296],[158.207,-167.323],[59.243,238.615],[-30.324,231.392],[31.795,-64.755],[-118.508,-78.798]],"c":true},"ix":2},"nm":"Path 1","mn":"ADBE Vector Shape - Group","hd":false,"_render":true},{"ty":"fl","c":{"a":0,"k":[0.1991,0.1372,0.4228,1],"ix":4},"o":{"a":0,"k":100,"ix":5},"r":1,"bm":0,"nm":"Fill 1","mn":"ADBE Vector Graphic - Fill","hd":false,"_render":true},{"ty":"tr","p":{"a":0,"k":[743.272,1287.788],"ix":2},"a":{"a":0,"k":[0,0],"ix":1},"s":{"a":0,"k":[100,100],"ix":3},"r":{"a":0,"k":0,"ix":6},"o":{"a":0,"k":30,"ix":7},"sk":{"a":0,"k":0,"ix":4},"sa":{"a":0,"k":0,"ix":5},"nm":"Transform","_render":true}],"nm":"Group 1","np":2,"cix":2,"bm":1,"ix":1,"mn":"ADBE Vector Group","hd":false,"_render":true},{"ty":"gr","it":[{"ind":0,"ty":"sh","ix":1,"ks":{"a":0,"k":{"i":[[-193.493,-209.36599999999999],[82.372,-233.775],[195.037,-128.31799999999998],[5.791999999999998,264.618],[31.795,-64.755],[-80.513,-59.403000000000006]],"o":[[-127.077,-248.296],[182.035,-131.208],[59.243,238.615],[11.569999999999997,82.596],[31.795,-64.755],[-186.428,-113.469]],"v":[[-127.077,-248.296],[158.207,-167.323],[59.243,238.615],[-30.324,231.392],[31.795,-64.755],[-118.508,-78.798]],"c":true},"ix":2},"nm":"Path 1","mn":"ADBE Vector Shape - Group","hd":false,"_render":true},{"ty":"fl","c":{"a":0,"k":[0.1991,0.1372,0.4228,1],"ix":4},"o":{"a":0,"k":100,"ix":5},"r":1,"bm":0,"nm":"Fill 1","mn":"ADBE Vector Graphic - Fill","hd":false,"_render":true},{"ty":"tr","p":{"a":0,"k":[743.272,1287.788],"ix":2},"a":{"a":0,"k":[0,0],"ix":1},"s":{"a":0,"k":[100,100],"ix":3},"r":{"a":0,"k":0,"ix":6},"o":{"a":0,"k":100,"ix":7},"sk":{"a":0,"k":0,"ix":4},"sa":{"a":0,"k":0,"ix":5},"nm":"Transform","_render":true}],"nm":"Group 2","np":2,"cix":2,"bm":0,"ix":2,"mn":"ADBE Vector Group","hd":false,"_render":true},{"ty":"tr","p":{"a":0,"k":[743.272,1287.788],"ix":2},"a":{"a":0,"k":[743.272,1287.788],"ix":1},"s":{"a":0,"k":[100,100],"ix":3},"r":{"a":0,"k":0,"ix":6},"o":{"a":0,"k":100,"ix":7},"sk":{"a":0,"k":0,"ix":4},"sa":{"a":0,"k":0,"ix":5},"nm":"Transform","_render":true}],"nm":"Group 3","np":2,"cix":2,"bm":0,"ix":3,"mn":"ADBE Vector Group","hd":false,"_render":true},{"ty":"gr","it":[{"ind":0,"ty":"sh","ix":1,"ks":{"a":0,"k":{"i":[[-75.813,-41.533],[-102.362,28.458999999999996],[88.91,37.51],[102.78800000000001,10.157],[-0.994,-35.499]],"o":[[-75.813,-41.533],[-68.572,46.561],[88.91,37.51],[18.314,-10.157],[-0.994,-35.499]],"v":[[-75.813,-41.533],[-85.467,37.51],[88.91,37.51],[60.551,0],[-0.994,-35.499]],"c":true},"ix":2},"nm":"Path 1","mn":"ADBE Vector Shape - Group","hd":false,"_render":true},{"ty":"fl","c":{"a":0,"k":[1,0,0.5,1],"ix":4},"o":{"a":0,"k":100,"ix":5},"r":1,"bm":0,"nm":"Fill 1","mn":"ADBE Vector Graphic - Fill","hd":false,"_render":true},{"ty":"tr","p":{"a":0,"k":[796.205,1560.713],"ix":2},"a":{"a":0,"k":[0,0],"ix":1},"s":{"a":0,"k":[100,100],"ix":3},"r":{"a":0,"k":0,"ix":6},"o":{"a":0,"k":100,"ix":7},"sk":{"a":0,"k":0,"ix":4},"sa":{"a":0,"k":0,"ix":5},"nm":"Transform","_render":true}],"nm":"Group 4","np":2,"cix":2,"bm":0,"ix":4,"mn":"ADBE Vector Group","hd":false,"_render":true},{"ty":"gr","it":[{"ind":0,"ty":"sh","ix":1,"ks":{"a":0,"k":{"i":[[-75.813,-41.533],[-102.363,28.458999999999996],[88.91,37.51],[102.78800000000001,10.157],[-0.994,-35.499]],"o":[[-75.813,-41.533],[-68.57300000000001,46.561],[88.91,37.51],[18.314,-10.157],[-0.994,-35.499]],"v":[[-75.813,-41.533],[-85.468,37.51],[88.91,37.51],[60.551,0],[-0.994,-35.499]],"c":true},"ix":2},"nm":"Path 1","mn":"ADBE Vector Shape - Group","hd":false,"_render":true},{"ty":"fl","c":{"a":0,"k":[1,0,0.5,1],"ix":4},"o":{"a":0,"k":100,"ix":5},"r":1,"bm":0,"nm":"Fill 1","mn":"ADBE Vector Graphic - Fill","hd":false,"_render":true},{"ty":"tr","p":{"a":0,"k":[1070.394,1560.713],"ix":2},"a":{"a":0,"k":[0,0],"ix":1},"s":{"a":0,"k":[100,100],"ix":3},"r":{"a":0,"k":0,"ix":6},"o":{"a":0,"k":100,"ix":7},"sk":{"a":0,"k":0,"ix":4},"sa":{"a":0,"k":0,"ix":5},"nm":"Transform","_render":true}],"nm":"Group 5","np":2,"cix":2,"bm":0,"ix":5,"mn":"ADBE Vector Group","hd":false,"_render":true}],"ip":0,"op":300,"st":0,"ct":1,"bm":0,"completed":true},{"ddd":0,"ind":8,"ty":4,"nm":"keyboard","sr":1,"ks":{"o":{"a":0,"k":100,"ix":11},"r":{"a":0,"k":0,"ix":10},"p":{"a":0,"k":[1187.403,903.439,0],"ix":2,"l":2},"a":{"a":0,"k":[1187.403,903.439,0],"ix":1,"l":2},"s":{"a":0,"k":[100,100,100],"ix":6,"l":2}},"ao":0,"shapes":[{"ty":"gr","it":[{"ty":"rc","d":1,"s":{"a":0,"k":[316.865,9.543],"ix":2},"p":{"a":0,"k":[0,0],"ix":3},"r":{"a":0,"k":0,"ix":4},"nm":"Rectangle Path 1","mn":"ADBE Vector Shape - Rect","hd":false,"_render":true},{"ty":"gf","o":{"a":0,"k":100,"ix":10},"r":1,"bm":0,"g":{"p":3,"k":{"a":0,"k":[0,0.944,0.356,0.65,0.497,0.9637,0.3763,0.67,0.995,0.9783,0.4017,0.69],"ix":9}},"s":{"a":0,"k":[-70.913,-163.006],"ix":5},"e":{"a":0,"k":[83.599,195.58],"ix":6},"t":1,"nm":"Gradient Fill 1","mn":"ADBE Vector Graphic - G-Fill","hd":false,"_render":true},{"ty":"tr","p":{"a":0,"k":[1187.403,906.006],"ix":2},"a":{"a":0,"k":[0,0],"ix":1},"s":{"a":0,"k":[100,100],"ix":3},"r":{"a":0,"k":0,"ix":6},"o":{"a":0,"k":44,"ix":7},"sk":{"a":0,"k":0,"ix":4},"sa":{"a":0,"k":0,"ix":5},"nm":"Transform","_render":true}],"nm":"Group 1","np":2,"cix":2,"bm":1,"ix":1,"mn":"ADBE Vector Group","hd":false,"_render":true},{"ty":"gr","it":[{"ty":"rc","d":1,"s":{"a":0,"k":[316.865,14.676],"ix":2},"p":{"a":0,"k":[0,0],"ix":3},"r":{"a":0,"k":0,"ix":4},"nm":"Rectangle Path 1","mn":"ADBE Vector Shape - Rect","hd":false,"_render":true},{"ty":"gf","o":{"a":0,"k":100,"ix":10},"r":1,"bm":0,"g":{"p":3,"k":{"a":0,"k":[0,0.944,0.356,0.65,0.497,0.9637,0.3763,0.67,0.995,0.9783,0.4017,0.69],"ix":9}},"s":{"a":0,"k":[-72.913,-169.439],"ix":5},"e":{"a":0,"k":[87.028,201.745],"ix":6},"t":1,"nm":"Gradient Fill 1","mn":"ADBE Vector Graphic - G-Fill","hd":false,"_render":true},{"ty":"tr","p":{"a":0,"k":[1187.403,903.439],"ix":2},"a":{"a":0,"k":[0,0],"ix":1},"s":{"a":0,"k":[100,100],"ix":3},"r":{"a":0,"k":0,"ix":6},"o":{"a":0,"k":100,"ix":7},"sk":{"a":0,"k":0,"ix":4},"sa":{"a":0,"k":0,"ix":5},"nm":"Transform","_render":true}],"nm":"Group 2","np":2,"cix":2,"bm":0,"ix":2,"mn":"ADBE Vector Group","hd":false,"_render":true}],"ip":0,"op":300,"st":0,"ct":1,"bm":0,"completed":true},{"ddd":0,"ind":9,"ty":4,"nm":"Plant","sr":1,"ks":{"o":{"a":0,"k":100,"ix":11},"r":{"a":0,"k":0,"ix":10},"p":{"a":0,"k":[465.323,910.777,0],"ix":2,"l":2},"a":{"a":0,"k":[465.323,910.777,0],"ix":1,"l":2},"s":{"a":0,"k":[100,100,100],"ix":6,"l":2}},"ao":0,"shapes":[{"ty":"gr","it":[{"ind":0,"ty":"sh","ix":1,"ks":{"a":0,"k":{"i":[[20.32,51.858],[38.028,51.858],[49.644,36.025999999999996],[-17.634,-24.66],[-21.136,-51.858],[-53.75,-51.858],[-53.75,-51.858],[-53.958,-50.318],[-47.182,18.564],[-1.289,51.858]],"o":[[20.32,51.858],[44.421,44.306],[-11.168999999999997,22.211],[-17.506,-48.245000000000005],[-25.596,-51.858],[-53.75,-51.858],[-53.893,-51.101],[-52.827,-28.818],[-18.997,51.858],[-1.289,51.858]],"v":[[20.32,51.858],[38.028,51.858],[53.928,27.5],[-17.53,-43.786],[-25.596,-51.858],[-53.75,-51.858],[-53.75,-51.858],[-53.916,-49.512],[-18.997,51.858],[-1.289,51.858]],"c":true},"ix":2},"nm":"Path 1","mn":"ADBE Vector Shape - Group","hd":false,"_render":true},{"ty":"fl","c":{"a":0,"k":[1,0,0.5,1],"ix":4},"o":{"a":0,"k":100,"ix":5},"r":1,"bm":0,"nm":"Fill 1","mn":"ADBE Vector Graphic - Fill","hd":false,"_render":true},{"ty":"tr","p":{"a":0,"k":[355.339,858.919],"ix":2},"a":{"a":0,"k":[0,0],"ix":1},"s":{"a":0,"k":[100,100],"ix":3},"r":{"a":0,"k":0,"ix":6},"o":{"a":0,"k":52,"ix":7},"sk":{"a":0,"k":0,"ix":4},"sa":{"a":0,"k":0,"ix":5},"nm":"Transform","_render":true}],"nm":"Group 1","np":2,"cix":2,"bm":1,"ix":1,"mn":"ADBE Vector Group","hd":false,"_render":true},{"ty":"gr","it":[{"ind":0,"ty":"sh","ix":1,"ks":{"a":0,"k":{"i":[[51.379000000000005,2.081000000000003],[-23.092000000000002,-41.167],[-36.292,90.661]],"o":[[44.441,-90.661],[-44.832,90.661],[-36.292,90.661]],"v":[[44.441,-90.661],[-44.832,90.661],[-36.292,90.661]],"c":true},"ix":2},"nm":"Path 1","mn":"ADBE Vector Shape - Group","hd":false,"_render":true},{"ty":"gf","o":{"a":0,"k":100,"ix":10},"r":1,"bm":0,"g":{"p":3,"k":{"a":0,"k":[0,0.415,0.7095,0.985,0.77,0.3996,0.6273,0.8404,0.995,0.2475,0.4567,0.6525],"ix":9}},"s":{"a":0,"k":[32.999,-87.41],"ix":5},"e":{"a":0,"k":[-47.508,141.399],"ix":6},"t":1,"nm":"Gradient Fill 1","mn":"ADBE Vector Graphic - G-Fill","hd":false,"_render":true},{"ty":"tr","p":{"a":0,"k":[375.659,799.071],"ix":2},"a":{"a":0,"k":[-44.832,90.661],"ix":1},"s":{"a":0,"k":[100,100],"ix":3},"r":{"a":1,"k":[{"i":{"x":[0.667],"y":[1]},"o":{"x":[0.333],"y":[0]},"t":0,"s":[0]},{"i":{"x":[0.667],"y":[1]},"o":{"x":[0.333],"y":[0]},"t":45,"s":[2]},{"i":{"x":[0.667],"y":[1]},"o":{"x":[0.333],"y":[0]},"t":90,"s":[0]},{"t":135,"s":[2]}],"ix":6},"o":{"a":0,"k":100,"ix":7},"sk":{"a":0,"k":0,"ix":4},"sa":{"a":0,"k":0,"ix":5},"nm":"Transform","_render":true}],"nm":"Group 2","np":2,"cix":2,"bm":0,"ix":2,"mn":"ADBE Vector Group","hd":false,"_render":true},{"ty":"gr","it":[{"ind":0,"ty":"sh","ix":1,"ks":{"a":0,"k":{"i":[[49.857,-8.673000000000002],[-58.364000000000004,-60.363],[-8.54,149.174]],"o":[[22.798,-149.174],[-19.344,149.174],[-8.54,149.174]],"v":[[22.798,-149.174],[-19.344,149.174],[-8.54,149.174]],"c":true},"ix":2},"nm":"Path 1","mn":"ADBE Vector Shape - Group","hd":false,"_render":true},{"ty":"gf","o":{"a":0,"k":100,"ix":10},"r":1,"bm":0,"g":{"p":3,"k":{"a":0,"k":[0,0.415,0.7095,0.985,0.77,0.3996,0.6273,0.8404,0.995,0.2475,0.4567,0.6525],"ix":9}},"s":{"a":0,"k":[-3.709,-169.897],"ix":5},"e":{"a":0,"k":[4.236,246.407],"ix":6},"t":1,"nm":"Gradient Fill 1","mn":"ADBE Vector Graphic - G-Fill","hd":false,"_render":true},{"ty":"tr","p":{"a":0,"k":[354.244,799.071],"ix":2},"a":{"a":0,"k":[-29.954,149.174],"ix":1},"s":{"a":0,"k":[100,100],"ix":3},"r":{"a":1,"k":[{"i":{"x":[0.667],"y":[1]},"o":{"x":[0.333],"y":[0]},"t":-10,"s":[0]},{"i":{"x":[0.667],"y":[1]},"o":{"x":[0.333],"y":[0]},"t":35,"s":[2]},{"i":{"x":[0.667],"y":[1]},"o":{"x":[0.333],"y":[0]},"t":80,"s":[0]},{"t":125,"s":[2]}],"ix":6},"o":{"a":0,"k":100,"ix":7},"sk":{"a":0,"k":0,"ix":4},"sa":{"a":0,"k":0,"ix":5},"nm":"Transform","_render":true}],"nm":"Group 3","np":2,"cix":2,"bm":0,"ix":3,"mn":"ADBE Vector Group","hd":false,"_render":true},{"ty":"gr","it":[{"ty":"gr","it":[{"ind":0,"ty":"sh","ix":1,"ks":{"a":0,"k":{"i":[[55.235,-18.906000000000006],[-33.375,-111.177],[16.485,85.603],[13.085,111.533],[30.092,111.533]],"o":[[-33.367,-111.353],[35.963,-23.242999999999995],[12.405999999999999,110.702],[13.085,111.533],[30.092,111.533]],"v":[[-33.354,-111.533],[-33.388,-110.997],[11.212,109.029],[13.085,111.533],[30.092,111.533]],"c":true},"ix":2},"nm":"Path 1","mn":"ADBE Vector Shape - Group","hd":false,"_render":true},{"ty":"gf","o":{"a":0,"k":100,"ix":10},"r":1,"bm":0,"g":{"p":3,"k":{"a":0,"k":[0,0.1569,0.1333,0.2392,0.5,0.298,0.3451,0.3882,1,0.328,0.4127,0.492],"ix":9}},"s":{"a":0,"k":[-39.273,-164.537],"ix":5},"e":{"a":0,"k":[61.36,222.107],"ix":6},"t":1,"nm":"Gradient Fill 1","mn":"ADBE Vector Graphic - G-Fill","hd":false,"_render":true},{"ty":"tr","p":{"a":0,"k":[368.151,799.071],"ix":2},"a":{"a":0,"k":[33.388,111.533],"ix":1},"s":{"a":0,"k":[100,100],"ix":3},"r":{"a":0,"k":0,"ix":6},"o":{"a":0,"k":19,"ix":7},"sk":{"a":0,"k":0,"ix":4},"sa":{"a":0,"k":0,"ix":5},"nm":"Transform","_render":true}],"nm":"Group 4","np":2,"cix":2,"bm":1,"ix":1,"mn":"ADBE Vector Group","hd":false,"_render":true},{"ty":"gr","it":[{"ind":0,"ty":"sh","ix":1,"ks":{"a":0,"k":{"i":[[13.754,111.533],[-43.564,41.45700000000001],[30.761,111.533]],"o":[[13.754,111.533],[55.905,-18.906999999999996],[30.761,111.533]],"v":[[13.754,111.533],[-32.684,-111.533],[30.761,111.533]],"c":true},"ix":2},"nm":"Path 1","mn":"ADBE Vector Shape - Group","hd":false,"_render":true},{"ty":"gf","o":{"a":0,"k":100,"ix":10},"r":1,"bm":0,"g":{"p":3,"k":{"a":0,"k":[0,0.1569,0.1333,0.2392,0.5,0.298,0.3451,0.3882,1,0.328,0.4127,0.492],"ix":9}},"s":{"a":0,"k":[-44.604,-162.537],"ix":5},"e":{"a":0,"k":[56.029,224.107],"ix":6},"t":1,"nm":"Gradient Fill 1","mn":"ADBE Vector Graphic - G-Fill","hd":false,"_render":true},{"ty":"tr","p":{"a":0,"k":[368.151,799.071],"ix":2},"a":{"a":0,"k":[34.058,111.533],"ix":1},"s":{"a":0,"k":[100,100],"ix":3},"r":{"a":0,"k":0,"ix":6},"o":{"a":0,"k":100,"ix":7},"sk":{"a":0,"k":0,"ix":4},"sa":{"a":0,"k":0,"ix":5},"nm":"Transform","_render":true}],"nm":"Group 5","np":2,"cix":2,"bm":0,"ix":2,"mn":"ADBE Vector Group","hd":false,"_render":true},{"ty":"tr","p":{"a":0,"k":[368.151,799.071],"ix":2},"a":{"a":0,"k":[368.151,799.071],"ix":1},"s":{"a":0,"k":[100,100],"ix":3},"r":{"a":1,"k":[{"i":{"x":[0.667],"y":[1]},"o":{"x":[0.333],"y":[0]},"t":-20,"s":[0]},{"i":{"x":[0.667],"y":[1]},"o":{"x":[0.333],"y":[0]},"t":25,"s":[2]},{"i":{"x":[0.667],"y":[1]},"o":{"x":[0.333],"y":[0]},"t":70,"s":[0]},{"t":115,"s":[2]}],"ix":6},"o":{"a":0,"k":100,"ix":7},"sk":{"a":0,"k":0,"ix":4},"sa":{"a":0,"k":0,"ix":5},"nm":"Transform","_render":true}],"nm":"Group 7","np":2,"cix":2,"bm":0,"ix":4,"mn":"ADBE Vector Group","hd":false,"_render":true},{"ty":"gr","it":[{"ind":0,"ty":"sh","ix":1,"ks":{"a":0,"k":{"i":[[62.342,-24.822],[59.261,-55.853],[10.804,-55.853],[-10.804,-55.853],[-53.633,-55.853],[-63.727,-51.135999999999996],[-56.698,22.559000000000005],[-10.804,55.853],[10.804,55.853],[28.513,55.853]],"o":[[63.727,-51.135999999999996],[53.633,-55.853],[10.804,-55.853],[-10.804,-55.853],[-59.261,-55.853],[-62.342,-24.822],[-28.513,55.853],[-10.804,55.853],[10.804,55.853],[56.698,22.559000000000005]],"v":[[63.431,-45.516],[53.633,-55.853],[10.804,-55.853],[-10.804,-55.853],[-53.633,-55.853],[-63.431,-45.516],[-28.513,55.853],[-10.804,55.853],[10.804,55.853],[28.513,55.853]],"c":true},"ix":2},"nm":"Path 1","mn":"ADBE Vector Shape - Group","hd":false,"_render":true},{"ty":"fl","c":{"a":0,"k":[1,0,0.5,1],"ix":4},"o":{"a":0,"k":100,"ix":5},"r":1,"bm":0,"nm":"Fill 1","mn":"ADBE Vector Graphic - Fill","hd":false,"_render":true},{"ty":"tr","p":{"a":0,"k":[364.854,854.924],"ix":2},"a":{"a":0,"k":[0,0],"ix":1},"s":{"a":0,"k":[100,100],"ix":3},"r":{"a":0,"k":0,"ix":6},"o":{"a":0,"k":100,"ix":7},"sk":{"a":0,"k":0,"ix":4},"sa":{"a":0,"k":0,"ix":5},"nm":"Transform","_render":true}],"nm":"Group 6","np":2,"cix":2,"bm":0,"ix":5,"mn":"ADBE Vector Group","hd":false,"_render":true}],"ip":0,"op":300,"st":0,"ct":1,"bm":0,"completed":true},{"ddd":0,"ind":10,"ty":4,"nm":"Group 1","sr":1,"ks":{"o":{"a":1,"k":[{"i":{"x":[0],"y":[1]},"o":{"x":[0.333],"y":[0]},"t":6,"s":[0]},{"i":{"x":[0.667],"y":[1]},"o":{"x":[0.333],"y":[0]},"t":26,"s":[100]},{"i":{"x":[0.667],"y":[1]},"o":{"x":[1],"y":[0]},"t":56,"s":[100]},{"t":76,"s":[0]}],"ix":11},"r":{"a":0,"k":0,"ix":10},"p":{"a":1,"k":[{"i":{"x":0,"y":1},"o":{"x":0.333,"y":0},"t":6,"s":[1145.277,677.658,0],"to":[0,0,0],"ti":[0,0,0]},{"i":{"x":0.667,"y":0.667},"o":{"x":0.333,"y":0.333},"t":26,"s":[1145.277,592.658,0],"to":[0,0,0],"ti":[0,0,0]},{"i":{"x":0.667,"y":1},"o":{"x":1,"y":0},"t":56,"s":[1145.277,592.658,0],"to":[0,0,0],"ti":[0,0,0]},{"t":76,"s":[1145.277,521.658,0]}],"ix":2,"l":2},"a":{"a":0,"k":[1145.277,592.658,0],"ix":1,"l":2},"s":{"a":0,"k":[100,100,100],"ix":6,"l":2}},"ao":0,"shapes":[{"ty":"gr","it":[{"ind":0,"ty":"sh","ix":1,"ks":{"a":0,"k":{"i":[[19.963,7],[-18.21,7],[-23.34,4.435],[-22.31,-2.891],[-19.963,-7],[18.21,-7],[23.34,-4.435],[22.31,2.891]],"o":[[17.584,7],[-21.11,7],[-22.936,1.563],[-21.979,-5.247],[-17.584,-7],[21.11,-7],[22.936,-1.563],[21.979,5.247]],"v":[[17.584,7],[-18.21,7],[-22.936,1.563],[-22.31,-2.891],[-17.584,-7],[18.21,-7],[22.936,-1.563],[22.31,2.891]],"c":true},"ix":2},"nm":"Path 1","mn":"ADBE Vector Shape - Group","hd":false},{"ty":"fl","c":{"a":0,"k":[1,0,0.5,1],"ix":4},"o":{"a":0,"k":100,"ix":5},"r":1,"bm":0,"nm":"Fill 1","mn":"ADBE Vector Graphic - Fill","hd":false},{"ty":"tr","p":{"a":0,"k":[1145.277,592.658],"ix":2},"a":{"a":0,"k":[0,0],"ix":1},"s":{"a":0,"k":[100,100],"ix":3},"r":{"a":0,"k":0,"ix":6},"o":{"a":0,"k":100,"ix":7},"sk":{"a":0,"k":0,"ix":4},"sa":{"a":0,"k":0,"ix":5},"nm":"Transform"}],"nm":"Group 1","np":2,"cix":2,"bm":0,"ix":1,"mn":"ADBE Vector Group","hd":false}],"ip":6,"op":306,"st":6,"ct":1,"bm":0,"completed":true},{"ddd":0,"ind":11,"ty":4,"nm":"Group 2","sr":1,"ks":{"o":{"a":1,"k":[{"i":{"x":[0],"y":[1]},"o":{"x":[0.333],"y":[0]},"t":4,"s":[0]},{"i":{"x":[0.667],"y":[1]},"o":{"x":[0.333],"y":[0]},"t":24,"s":[100]},{"i":{"x":[0.667],"y":[1]},"o":{"x":[1],"y":[0]},"t":54,"s":[100]},{"t":74,"s":[0]}],"ix":11},"r":{"a":0,"k":0,"ix":10},"p":{"a":1,"k":[{"i":{"x":0,"y":1},"o":{"x":0.333,"y":0},"t":4,"s":[1153.568,625.662,0],"to":[0,0,0],"ti":[0,0,0]},{"i":{"x":0.667,"y":0.667},"o":{"x":0.333,"y":0.333},"t":24,"s":[1153.568,540.662,0],"to":[0,0,0],"ti":[0,0,0]},{"i":{"x":0.667,"y":1},"o":{"x":1,"y":0},"t":54,"s":[1153.568,540.662,0],"to":[0,0,0],"ti":[0,0,0]},{"t":74,"s":[1153.568,469.662,0]}],"ix":2,"l":2},"a":{"a":0,"k":[1153.568,540.662,0],"ix":1,"l":2},"s":{"a":0,"k":[100,100,100],"ix":6,"l":2}},"ao":0,"shapes":[{"ty":"gr","it":[{"ind":0,"ty":"sh","ix":1,"ks":{"a":0,"k":{"i":[[69.58800000000001,7],[-67.835,7],[-72.965,4.435],[-71.935,-2.891],[-69.58800000000001,-7],[67.835,-7],[72.965,-4.435],[71.935,2.891]],"o":[[67.209,7],[-70.735,7],[-72.561,1.563],[-71.604,-5.247],[-67.209,-7],[70.735,-7],[72.561,-1.563],[71.604,5.247]],"v":[[67.209,7],[-67.835,7],[-72.561,1.563],[-71.935,-2.891],[-67.209,-7],[67.835,-7],[72.561,-1.563],[71.935,2.891]],"c":true},"ix":2},"nm":"Path 1","mn":"ADBE Vector Shape - Group","hd":false},{"ty":"fl","c":{"a":0,"k":[0.952,0.948,0.95,1],"ix":4},"o":{"a":0,"k":100,"ix":5},"r":1,"bm":0,"nm":"Fill 1","mn":"ADBE Vector Graphic - Fill","hd":false},{"ty":"tr","p":{"a":0,"k":[1153.568,540.662],"ix":2},"a":{"a":0,"k":[0,0],"ix":1},"s":{"a":0,"k":[100,100],"ix":3},"r":{"a":0,"k":0,"ix":6},"o":{"a":0,"k":100,"ix":7},"sk":{"a":0,"k":0,"ix":4},"sa":{"a":0,"k":0,"ix":5},"nm":"Transform"}],"nm":"Group 2","np":2,"cix":2,"bm":0,"ix":1,"mn":"ADBE Vector Group","hd":false}],"ip":4,"op":304,"st":4,"ct":1,"bm":0,"completed":true},{"ddd":0,"ind":12,"ty":4,"nm":"Group 3","sr":1,"ks":{"o":{"a":1,"k":[{"i":{"x":[0],"y":[1]},"o":{"x":[0.333],"y":[0]},"t":2,"s":[0]},{"i":{"x":[0.667],"y":[1]},"o":{"x":[0.333],"y":[0]},"t":22,"s":[100]},{"i":{"x":[0.667],"y":[1]},"o":{"x":[1],"y":[0]},"t":52,"s":[100]},{"t":72,"s":[0]}],"ix":11},"r":{"a":0,"k":0,"ix":10},"p":{"a":1,"k":[{"i":{"x":0,"y":1},"o":{"x":0.333,"y":0},"t":2,"s":[1158.165,592.723,0],"to":[0,0,0],"ti":[0,0,0]},{"i":{"x":0.667,"y":0.667},"o":{"x":0.333,"y":0.333},"t":22,"s":[1158.165,507.723,0],"to":[0,0,0],"ti":[0,0,0]},{"i":{"x":0.667,"y":1},"o":{"x":1,"y":0},"t":52,"s":[1158.165,507.723,0],"to":[0,0,0],"ti":[0,0,0]},{"t":72,"s":[1158.165,436.723,0]}],"ix":2,"l":2},"a":{"a":0,"k":[1158.165,507.723,0],"ix":1,"l":2},"s":{"a":0,"k":[100,100,100],"ix":6,"l":2}},"ao":0,"shapes":[{"ty":"gr","it":[{"ind":0,"ty":"sh","ix":1,"ks":{"a":0,"k":{"i":[[69.58800000000001,7],[-67.835,7],[-72.965,4.435],[-71.935,-2.891],[-69.58800000000001,-7],[67.835,-7],[72.965,-4.435],[71.935,2.891]],"o":[[67.209,7],[-70.735,7],[-72.561,1.563],[-71.604,-5.247],[-67.209,-7],[70.735,-7],[72.561,-1.563],[71.604,5.247]],"v":[[67.209,7],[-67.835,7],[-72.561,1.563],[-71.935,-2.891],[-67.209,-7],[67.835,-7],[72.561,-1.563],[71.935,2.891]],"c":true},"ix":2},"nm":"Path 1","mn":"ADBE Vector Shape - Group","hd":false},{"ty":"fl","c":{"a":0,"k":[0.952,0.948,0.95,1],"ix":4},"o":{"a":0,"k":100,"ix":5},"r":1,"bm":0,"nm":"Fill 1","mn":"ADBE Vector Graphic - Fill","hd":false},{"ty":"tr","p":{"a":0,"k":[1158.165,507.723],"ix":2},"a":{"a":0,"k":[0,0],"ix":1},"s":{"a":0,"k":[100,100],"ix":3},"r":{"a":0,"k":0,"ix":6},"o":{"a":0,"k":100,"ix":7},"sk":{"a":0,"k":0,"ix":4},"sa":{"a":0,"k":0,"ix":5},"nm":"Transform"}],"nm":"Group 3","np":2,"cix":2,"bm":0,"ix":1,"mn":"ADBE Vector Group","hd":false}],"ip":2,"op":302,"st":2,"ct":1,"bm":0,"completed":true},{"ddd":0,"ind":13,"ty":4,"nm":"Group 4","sr":1,"ks":{"o":{"a":1,"k":[{"i":{"x":[0],"y":[1]},"o":{"x":[0.333],"y":[0]},"t":0,"s":[0]},{"i":{"x":[0.667],"y":[1]},"o":{"x":[0.333],"y":[0]},"t":20,"s":[100]},{"i":{"x":[0.667],"y":[1]},"o":{"x":[1],"y":[0]},"t":50,"s":[100]},{"t":70,"s":[0]}],"ix":11},"r":{"a":0,"k":0,"ix":10},"p":{"a":1,"k":[{"i":{"x":0,"y":1},"o":{"x":0.333,"y":0},"t":0,"s":[1171.947,514.509,0],"to":null,"ti":null},{"i":{"x":0.667,"y":0.667},"o":{"x":0.333,"y":0.333},"t":20,"s":[1171.947,429.509,0],"to":null,"ti":null},{"i":{"x":0.667,"y":1},"o":{"x":1,"y":0},"t":50,"s":[1171.947,429.509,0],"to":null,"ti":null},{"t":70,"s":[1171.947,358.509,0]}],"ix":2,"l":2},"a":{"a":0,"k":[1171.947,429.509,0],"ix":1,"l":2},"s":{"a":0,"k":[100,100,100],"ix":6,"l":2}},"ao":0,"shapes":[{"ty":"gr","it":[{"ind":0,"ty":"sh","ix":1,"ks":{"a":0,"k":{"i":[[38.702999999999996,-19.835],[14.788,35.914],[-38.702999999999996,19.835],[-14.788,-35.914]],"o":[[33.127,19.835],[-24.882,35.914],[-33.127,-19.835],[24.882,-35.914]],"v":[[35.915,0],[-5.047,35.914],[-35.915,0],[5.047,-35.914]],"c":true},"ix":2},"nm":"Path 1","mn":"ADBE Vector Shape - Group","hd":false,"_render":true},{"ty":"fl","c":{"a":0,"k":[0.952,0.948,0.95,1],"ix":4},"o":{"a":0,"k":100,"ix":5},"r":1,"bm":0,"nm":"Fill 1","mn":"ADBE Vector Graphic - Fill","hd":false,"_render":true},{"ty":"tr","p":{"a":0,"k":[1171.947,429.509],"ix":2},"a":{"a":0,"k":[0,0],"ix":1},"s":{"a":0,"k":[100,100],"ix":3},"r":{"a":0,"k":0,"ix":6},"o":{"a":0,"k":100,"ix":7},"sk":{"a":0,"k":0,"ix":4},"sa":{"a":0,"k":0,"ix":5},"nm":"Transform","_render":true}],"nm":"Group 4","np":2,"cix":2,"bm":0,"ix":1,"mn":"ADBE Vector Group","hd":false,"_render":true}],"ip":0,"op":300,"st":0,"ct":1,"bm":0,"completed":true},{"ddd":0,"ind":14,"ty":4,"nm":"Pc","sr":1,"ks":{"o":{"a":0,"k":100,"ix":11},"r":{"a":0,"k":0,"ix":10},"p":{"a":0,"k":[1171.046,591.671,0],"ix":2,"l":2},"a":{"a":0,"k":[1171.046,591.671,0],"ix":1,"l":2},"s":{"a":0,"k":[100,100,100],"ix":6,"l":2}},"ao":0,"shapes":[{"ty":"gr","it":[{"ind":0,"ty":"sh","ix":1,"ks":{"a":0,"k":{"i":[[-333.826,78.573],[-158.14499999999998,178.789],[333.826,68.68700000000001],[319.318,-145.28099999999998],[-297.656,-178.789]],"o":[[-266.50600000000003,139.353],[168.27999999999997,178.789],[333.826,-107.333],[293.599,-178.789],[-297.656,-178.789]],"v":[[-333.826,78.573],[-35.932,178.789],[333.826,-67.13],[293.599,-178.789],[-297.656,-178.789]],"c":true},"ix":2},"nm":"Path 1","mn":"ADBE Vector Shape - Group","hd":false,"_render":true},{"ty":"gf","o":{"a":0,"k":100,"ix":10},"r":1,"bm":0,"g":{"p":3,"k":{"a":0,"k":[0,0.415,0.7095,0.985,0.77,0.3996,0.6273,0.8404,0.995,0.2475,0.4567,0.6525],"ix":9}},"s":{"a":0,"k":[-334.064,-0.266],"ix":5},"e":{"a":0,"k":[333.587,-0.266],"ix":6},"t":1,"nm":"Gradient Fill 1","mn":"ADBE Vector Graphic - G-Fill","hd":false,"_render":true},{"ty":"tr","p":{"a":0,"k":[1134.553,477.266],"ix":2},"a":{"a":0,"k":[0,0],"ix":1},"s":{"a":0,"k":[100,100],"ix":3},"r":{"a":0,"k":0,"ix":6},"o":{"a":0,"k":10,"ix":7},"sk":{"a":0,"k":0,"ix":4},"sa":{"a":0,"k":0,"ix":5},"nm":"Transform","_render":true}],"nm":"Group 5","np":2,"cix":2,"bm":6,"ix":5,"mn":"ADBE Vector Group","hd":false,"_render":true},{"ty":"gr","it":[{"ind":0,"ty":"sh","ix":1,"ks":{"a":0,"k":{"i":[[335.006,202.247],[-391.854,202.247],[-335.007,-202.247],[391.854,-202.247]],"o":[[335.006,202.247],[-391.854,202.247],[-335.007,-202.247],[391.854,-202.247]],"v":[[335.006,202.247],[-391.854,202.247],[-335.007,-202.247],[391.854,-202.247]],"c":true},"ix":2},"nm":"Path 1","mn":"ADBE Vector Shape - Group","hd":false,"_render":true},{"ty":"gf","o":{"a":0,"k":100,"ix":10},"r":1,"bm":0,"g":{"p":3,"k":{"a":0,"k":[0,0.415,0.7095,0.985,0.77,0.3996,0.6273,0.8404,0.995,0.2475,0.4567,0.6525],"ix":9}},"s":{"a":0,"k":[-46.557,-403.724],"ix":5},"e":{"a":0,"k":[42.767,377.044],"ix":6},"t":1,"nm":"Gradient Fill 1","mn":"ADBE Vector Graphic - G-Fill","hd":false,"_render":true},{"ty":"tr","p":{"a":0,"k":[1171.047,500.724],"ix":2},"a":{"a":0,"k":[0,0],"ix":1},"s":{"a":0,"k":[100,100],"ix":3},"r":{"a":0,"k":0,"ix":6},"o":{"a":0,"k":100,"ix":7},"sk":{"a":0,"k":0,"ix":4},"sa":{"a":0,"k":0,"ix":5},"nm":"Transform","_render":true}],"nm":"Group 6","np":2,"cix":2,"bm":0,"ix":6,"mn":"ADBE Vector Group","hd":false,"_render":true},{"ty":"gr","it":[{"ind":0,"ty":"sh","ix":1,"ks":{"a":0,"k":{"i":[[-404.669,213.483],[-344.663,-213.483],[404.669,-213.483],[344.663,213.483]],"o":[[-404.669,213.483],[-344.663,-213.483],[404.669,-213.483],[344.663,213.483]],"v":[[-404.669,213.483],[-344.663,-213.483],[404.669,-213.483],[344.663,213.483]],"c":true},"ix":2},"nm":"Path 1","mn":"ADBE Vector Shape - Group","hd":false,"_render":true},{"ty":"fl","c":{"a":0,"k":[0.1792,0.125,0.375,1],"ix":4},"o":{"a":0,"k":100,"ix":5},"r":1,"bm":0,"nm":"Fill 1","mn":"ADBE Vector Graphic - Fill","hd":false,"_render":true},{"ty":"tr","p":{"a":0,"k":[1171.046,500.724],"ix":2},"a":{"a":0,"k":[0,0],"ix":1},"s":{"a":0,"k":[100,100],"ix":3},"r":{"a":0,"k":0,"ix":6},"o":{"a":0,"k":100,"ix":7},"sk":{"a":0,"k":0,"ix":4},"sa":{"a":0,"k":0,"ix":5},"nm":"Transform","_render":true}],"nm":"Group 7","np":2,"cix":2,"bm":0,"ix":7,"mn":"ADBE Vector Group","hd":false,"_render":true},{"ty":"gr","it":[{"ind":0,"ty":"sh","ix":1,"ks":{"a":0,"k":{"i":[[64.321,-96.566],[112.284,-16.217000000000006],[78.334,96.566],[-112.284,96.291],[-0.9690000000000012,65.11200000000001],[-74.363,-96.566]],"o":[[64.321,-96.566],[112.284,64.35],[78.334,96.566],[-112.284,96.291],[-57.027,-71.646],[-74.363,-96.566]],"v":[[64.321,-96.566],[112.284,35.187],[78.334,96.566],[-112.284,96.291],[-28.998,-3.267],[-74.363,-96.566]],"c":true},"ix":2},"nm":"Path 1","mn":"ADBE Vector Shape - Group","hd":false,"_render":true},{"ty":"fl","c":{"a":0,"k":[0.1792,0.125,0.375,1],"ix":4},"o":{"a":0,"k":100,"ix":5},"r":1,"bm":0,"nm":"Fill 1","mn":"ADBE Vector Graphic - Fill","hd":false,"_render":true},{"ty":"tr","p":{"a":0,"k":[1178.085,799.536],"ix":2},"a":{"a":0,"k":[0,0],"ix":1},"s":{"a":0,"k":[100,100],"ix":3},"r":{"a":0,"k":0,"ix":6},"o":{"a":0,"k":100,"ix":7},"sk":{"a":0,"k":0,"ix":4},"sa":{"a":0,"k":0,"ix":5},"nm":"Transform","_render":true}],"nm":"Group 8","np":2,"cix":2,"bm":0,"ix":8,"mn":"ADBE Vector Group","hd":false,"_render":true}],"ip":0,"op":300,"st":0,"ct":1,"bm":0,"completed":true},{"ddd":0,"ind":15,"ty":4,"nm":"Table","sr":1,"ks":{"o":{"a":0,"k":100,"ix":11},"r":{"a":0,"k":0,"ix":10},"p":{"a":0,"k":[1000,1256.512,0],"ix":2,"l":2},"a":{"a":0,"k":[1000,1256.512,0],"ix":1,"l":2},"s":{"a":0,"k":[100,100,100],"ix":6,"l":2}},"ao":0,"shapes":[{"ty":"gr","it":[{"ty":"rc","d":1,"s":{"a":0,"k":[19.502,689.083],"ix":2},"p":{"a":0,"k":[0,0],"ix":3},"r":{"a":0,"k":0,"ix":4},"nm":"Rectangle Path 1","mn":"ADBE Vector Shape - Rect","hd":false,"_render":true},{"ty":"fl","c":{"a":0,"k":[0.1975,0.1344,0.4256,1],"ix":4},"o":{"a":0,"k":100,"ix":5},"r":1,"bm":0,"nm":"Fill 1","mn":"ADBE Vector Graphic - Fill","hd":false,"_render":true},{"ty":"tr","p":{"a":0,"k":[277.329,1257.704],"ix":2},"a":{"a":0,"k":[0,0],"ix":1},"s":{"a":0,"k":[100,100],"ix":3},"r":{"a":0,"k":0,"ix":6},"o":{"a":0,"k":100,"ix":7},"sk":{"a":0,"k":0,"ix":4},"sa":{"a":0,"k":0,"ix":5},"nm":"Transform","_render":true}],"nm":"Group 1","np":2,"cix":2,"bm":0,"ix":1,"mn":"ADBE Vector Group","hd":false,"_render":true},{"ty":"gr","it":[{"ty":"rc","d":1,"s":{"a":0,"k":[19.502,689.083],"ix":2},"p":{"a":0,"k":[0,0],"ix":3},"r":{"a":0,"k":0,"ix":4},"nm":"Rectangle Path 1","mn":"ADBE Vector Shape - Rect","hd":false,"_render":true},{"ty":"fl","c":{"a":0,"k":[0.1975,0.1344,0.4256,1],"ix":4},"o":{"a":0,"k":100,"ix":5},"r":1,"bm":0,"nm":"Fill 1","mn":"ADBE Vector Graphic - Fill","hd":false,"_render":true},{"ty":"tr","p":{"a":0,"k":[1725.394,1257.704],"ix":2},"a":{"a":0,"k":[0,0],"ix":1},"s":{"a":0,"k":[100,100],"ix":3},"r":{"a":0,"k":0,"ix":6},"o":{"a":0,"k":100,"ix":7},"sk":{"a":0,"k":0,"ix":4},"sa":{"a":0,"k":0,"ix":5},"nm":"Transform","_render":true}],"nm":"Group 2","np":2,"cix":2,"bm":0,"ix":2,"mn":"ADBE Vector Group","hd":false,"_render":true},{"ty":"gr","it":[{"ind":0,"ty":"sh","ix":1,"ks":{"a":0,"k":{"i":[[781.991,-5.132],[-778.985,-5.132],[-784.428,-2.695],[-784.428,5.132],[-781.991,-0.311],[778.985,-0.311],[784.428,2.126],[784.428,0.311]],"o":[[778.985,-5.132],[-781.991,-5.132],[-784.428,0.311],[-784.428,2.126],[-778.985,-0.311],[781.991,-0.311],[784.428,5.132],[784.428,-2.695]],"v":[[778.985,-5.132],[-778.985,-5.132],[-784.428,0.311],[-784.428,5.132],[-778.985,-0.311],[778.985,-0.311],[784.428,5.132],[784.428,0.311]],"c":true},"ix":2},"nm":"Path 1","mn":"ADBE Vector Shape - Group","hd":false,"_render":true},{"ty":"fl","c":{"a":0,"k":[0.1975,0.1344,0.4256,1],"ix":4},"o":{"a":0,"k":100,"ix":5},"r":1,"bm":0,"nm":"Fill 1","mn":"ADBE Vector Graphic - Fill","hd":false,"_render":true},{"ty":"tr","p":{"a":0,"k":[1000,915.91],"ix":2},"a":{"a":0,"k":[0,0],"ix":1},"s":{"a":0,"k":[100,100],"ix":3},"r":{"a":0,"k":0,"ix":6},"o":{"a":0,"k":51,"ix":7},"sk":{"a":0,"k":0,"ix":4},"sa":{"a":0,"k":0,"ix":5},"nm":"Transform","_render":true}],"nm":"Group 3","np":2,"cix":2,"bm":6,"ix":3,"mn":"ADBE Vector Group","hd":false,"_render":true},{"ty":"gr","it":[{"ind":0,"ty":"sh","ix":1,"ks":{"a":0,"k":{"i":[[781.991,8.668],[-778.985,8.668],[-784.428,6.231],[-784.428,-3.224],[-781.991,-8.668],[778.985,-8.668],[784.428,-6.23],[784.428,3.225]],"o":[[778.985,8.668],[-781.991,8.668],[-784.428,3.225],[-784.428,-6.23],[-778.985,-8.668],[781.991,-8.668],[784.428,-3.224],[784.428,6.231]],"v":[[778.985,8.668],[-778.985,8.668],[-784.428,3.225],[-784.428,-3.224],[-778.985,-8.668],[778.985,-8.668],[784.428,-3.224],[784.428,3.225]],"c":true},"ix":2},"nm":"Path 1","mn":"ADBE Vector Shape - Group","hd":false,"_render":true},{"ty":"fl","c":{"a":0,"k":[0.1975,0.1344,0.4256,1],"ix":4},"o":{"a":0,"k":100,"ix":5},"r":1,"bm":0,"nm":"Fill 1","mn":"ADBE Vector Graphic - Fill","hd":false,"_render":true},{"ty":"tr","p":{"a":0,"k":[1000,919.445],"ix":2},"a":{"a":0,"k":[0,0],"ix":1},"s":{"a":0,"k":[100,100],"ix":3},"r":{"a":0,"k":0,"ix":6},"o":{"a":0,"k":100,"ix":7},"sk":{"a":0,"k":0,"ix":4},"sa":{"a":0,"k":0,"ix":5},"nm":"Transform","_render":true}],"nm":"Group 4","np":2,"cix":2,"bm":0,"ix":4,"mn":"ADBE Vector Group","hd":false,"_render":true},{"ty":"gr","it":[{"ty":"rc","d":1,"s":{"a":0,"k":[19.502,689.083],"ix":2},"p":{"a":0,"k":[0,0],"ix":3},"r":{"a":0,"k":0,"ix":4},"nm":"Rectangle Path 1","mn":"ADBE Vector Shape - Rect","hd":false,"_render":true},{"ty":"fl","c":{"a":0,"k":[0.1975,0.1344,0.4256,1],"ix":4},"o":{"a":0,"k":100,"ix":5},"r":1,"bm":0,"nm":"Fill 1","mn":"ADBE Vector Graphic - Fill","hd":false,"_render":true},{"ty":"tr","p":{"a":0,"k":[525.451,1257.704],"ix":2},"a":{"a":0,"k":[0,0],"ix":1},"s":{"a":0,"k":[100,100],"ix":3},"r":{"a":0,"k":0,"ix":6},"o":{"a":0,"k":100,"ix":7},"sk":{"a":0,"k":0,"ix":4},"sa":{"a":0,"k":0,"ix":5},"nm":"Transform","_render":true}],"nm":"Group 5","np":2,"cix":2,"bm":0,"ix":5,"mn":"ADBE Vector Group","hd":false,"_render":true},{"ty":"gr","it":[{"ty":"rc","d":1,"s":{"a":0,"k":[19.502,689.083],"ix":2},"p":{"a":0,"k":[0,0],"ix":3},"r":{"a":0,"k":0,"ix":4},"nm":"Rectangle Path 1","mn":"ADBE Vector Shape - Rect","hd":false,"_render":true},{"ty":"fl","c":{"a":0,"k":[0.1975,0.1344,0.4256,1],"ix":4},"o":{"a":0,"k":100,"ix":5},"r":1,"bm":0,"nm":"Fill 1","mn":"ADBE Vector Graphic - Fill","hd":false,"_render":true},{"ty":"tr","p":{"a":0,"k":[1477.272,1257.704],"ix":2},"a":{"a":0,"k":[0,0],"ix":1},"s":{"a":0,"k":[100,100],"ix":3},"r":{"a":0,"k":0,"ix":6},"o":{"a":0,"k":100,"ix":7},"sk":{"a":0,"k":0,"ix":4},"sa":{"a":0,"k":0,"ix":5},"nm":"Transform","_render":true}],"nm":"Group 6","np":2,"cix":2,"bm":0,"ix":6,"mn":"ADBE Vector Group","hd":false,"_render":true}],"ip":0,"op":300,"st":0,"ct":1,"bm":0,"completed":true}],"markers":[],"__complete":true}