{"v":"5.5.7","meta":{"g":"LottieFiles AE 0.1.20","a":"","k":"","d":"","tc":""},"fr":30,"ip":0,"op":30,"w":200,"h":200,"nm":"Comp 1","ddd":0,"assets":[],"layers":[{"ddd":0,"ind":1,"ty":4,"nm":"manage_accounts_black_24dp Outlines","sr":1,"ks":{"o":{"a":0,"k":100,"ix":11},"r":{"a":0,"k":0,"ix":10},"p":{"a":0,"k":[100.75,100,0],"ix":2},"a":{"a":0,"k":[8,6.5,0],"ix":1},"s":{"a":0,"k":[945.077,945.077,100],"ix":6}},"ao":0,"shapes":[{"ty":"gr","it":[{"ind":0,"ty":"sh","ix":1,"ks":{"a":0,"k":{"i":[[0,0.164],[0.023,0.157],[0,0],[0,0],[0,0],[0.296,0.113],[0,0],[0,0],[0,0],[0.238,-0.203],[0,0],[0,0],[0,0],[0,-0.164],[-0.023,-0.157],[0,0],[0,0],[0,0],[-0.296,-0.113],[0,0],[0,0],[0,0],[-0.238,0.203],[0,0],[0,0],[0,0]],"o":[[0,-0.164],[0,0],[0,0],[0,0],[-0.238,-0.203],[0,0],[0,0],[0,0],[-0.296,0.113],[0,0],[0,0],[0,0],[-0.023,0.157],[0,0.164],[0,0],[0,0],[0,0],[0.238,0.203],[0,0],[0,0],[0,0],[0.296,-0.113],[0,0],[0,0],[0,0],[0.023,-0.157]],"v":[[2.812,0],[2.766,-0.473],[3.621,-1.23],[2.871,-2.527],[1.785,-2.16],[0.977,-2.633],[0.75,-3.75],[-0.75,-3.75],[-0.977,-2.633],[-1.785,-2.16],[-2.871,-2.527],[-3.621,-1.23],[-2.766,-0.473],[-2.812,0],[-2.766,0.473],[-3.621,1.23],[-2.871,2.527],[-1.785,2.16],[-0.977,2.633],[-0.75,3.75],[0.75,3.75],[0.977,2.633],[1.785,2.16],[2.871,2.527],[3.621,1.23],[2.766,0.473]],"c":true},"ix":2},"nm":"Path 1","mn":"ADBE Vector Shape - Group","hd":false},{"ind":1,"ty":"sh","ix":2,"ks":{"a":0,"k":{"i":[[0.824,0],[0,0.824],[-0.824,0],[0,-0.824]],"o":[[-0.824,0],[0,-0.824],[0.824,0],[0,0.824]],"v":[[0,1.5],[-1.5,0],[0,-1.5],[1.5,0]],"c":true},"ix":2},"nm":"Path 2","mn":"ADBE Vector Shape - Group","hd":false},{"ind":2,"ty":"sh","ix":3,"ks":{"a":0,"k":{"i":[[0,0]],"o":[[0,0]],"v":[[0,1.5]],"c":false},"ix":2},"nm":"Path 3","mn":"ADBE Vector Shape - Group","hd":false},{"ty":"mm","mm":1,"nm":"Merge Paths 1","mn":"ADBE Vector Filter - Merge","hd":false},{"ty":"fl","c":{"a":0,"k":[0,0.2901960784313726,0.5019607843137255,1],"ix":4},"o":{"a":0,"k":100,"ix":5},"r":1,"bm":0,"nm":"Fill 1","mn":"ADBE Vector Graphic - Fill","hd":false},{"ty":"tr","p":{"a":0,"k":[11.75,9],"ix":2},"a":{"a":0,"k":[0,0],"ix":1},"s":{"a":0,"k":[100,100],"ix":3},"r":{"a":1,"k":[{"i":{"x":[0.833],"y":[0.833]},"o":{"x":[0.167],"y":[0.167]},"t":0,"s":[0]},{"t":30,"s":[60]}],"ix":6},"o":{"a":0,"k":100,"ix":7},"sk":{"a":0,"k":0,"ix":4},"sa":{"a":0,"k":0,"ix":5},"nm":"Transform"}],"nm":"Group 1","np":5,"cix":2,"bm":0,"ix":1,"mn":"ADBE Vector Group","hd":false},{"ty":"gr","it":[{"ind":0,"ty":"sh","ix":1,"ks":{"a":0,"k":{"i":[[-0.316,0.683],[0.172,0],[1.445,-0.859],[0,-0.774],[0,0],[0,0],[0,1.117]],"o":[[-0.168,-0.008],[-1.816,0],[-0.66,0.391],[0,0],[0,0],[-0.593,-0.848],[0,-0.801]],"v":[[3.031,-2.609],[2.528,-2.625],[-2.429,-1.262],[-3.472,0.637],[-3.472,2.625],[3.472,2.625],[2.528,-0.375]],"c":true},"ix":2},"nm":"Path 1","mn":"ADBE Vector Shape - Group","hd":false},{"ind":1,"ty":"sh","ix":2,"ks":{"a":0,"k":{"i":[[0,0]],"o":[[0,0]],"v":[[3.031,-2.609]],"c":false},"ix":2},"nm":"Path 2","mn":"ADBE Vector Shape - Group","hd":false},{"ty":"mm","mm":1,"nm":"Merge Paths 1","mn":"ADBE Vector Filter - Merge","hd":false},{"ty":"fl","c":{"a":0,"k":[0.06666666666666667,0.6666666666666666,0.6901960784313725,1],"ix":4},"o":{"a":0,"k":100,"ix":5},"r":1,"bm":0,"nm":"Fill 1","mn":"ADBE Vector Graphic - Fill","hd":false},{"ty":"tr","p":{"a":0,"k":[3.972,9.375],"ix":2},"a":{"a":0,"k":[0,0],"ix":1},"s":{"a":0,"k":[100,100],"ix":3},"r":{"a":0,"k":0,"ix":6},"o":{"a":0,"k":100,"ix":7},"sk":{"a":0,"k":0,"ix":4},"sa":{"a":0,"k":0,"ix":5},"nm":"Transform"}],"nm":"Group 2","np":4,"cix":2,"bm":0,"ix":2,"mn":"ADBE Vector Group","hd":false},{"ty":"gr","it":[{"ind":0,"ty":"sh","ix":1,"ks":{"a":0,"k":{"i":[[0,-1.656],[1.656,0],[0,1.656],[-1.656,0]],"o":[[0,1.656],[-1.656,0],[0,-1.656],[1.656,0]],"v":[[3,0],[0,3],[-3,0],[0,-3]],"c":true},"ix":2},"nm":"Path 1","mn":"ADBE Vector Shape - Group","hd":false},{"ind":1,"ty":"sh","ix":2,"ks":{"a":0,"k":{"i":[[0,0]],"o":[[0,0]],"v":[[3,0]],"c":false},"ix":2},"nm":"Path 2","mn":"ADBE Vector Shape - Group","hd":false},{"ty":"mm","mm":1,"nm":"Merge Paths 1","mn":"ADBE Vector Filter - Merge","hd":false},{"ty":"fl","c":{"a":0,"k":[0.06666666666666667,0.6666666666666666,0.6901960784313725,1],"ix":4},"o":{"a":0,"k":100,"ix":5},"r":1,"bm":0,"nm":"Fill 1","mn":"ADBE Vector Graphic - Fill","hd":false},{"ty":"tr","p":{"a":0,"k":[6.5,3],"ix":2},"a":{"a":0,"k":[0,0],"ix":1},"s":{"a":0,"k":[100,100],"ix":3},"r":{"a":0,"k":0,"ix":6},"o":{"a":0,"k":100,"ix":7},"sk":{"a":0,"k":0,"ix":4},"sa":{"a":0,"k":0,"ix":5},"nm":"Transform"}],"nm":"Group 3","np":4,"cix":2,"bm":0,"ix":3,"mn":"ADBE Vector Group","hd":false}],"ip":0,"op":321,"st":0,"bm":0}],"markers":[]}