{
  "project_info": {
    "project_number": "820573875987",
    "project_id": "agrostar-7b6a4",
    "storage_bucket": "agrostar-7b6a4.appspot.com"
  },
  "client": [
    {
      "client_info": {
        "mobilesdk_app_id": "1:820573875987:android:1d7b1787119f90601034e6",
        "android_client_info": {
          "package_name": "com.sports.agrostar"
        }
      },
      "oauth_client": [],
      "api_key": [
        {
          "current_key": "AIzaSyDRcVVcgoGXAv0A0p03sZx7pxVuqV61lLU"
        }
      ],
      "services": {
        "appinvite_service": {
          "other_platform_oauth_client": []
        }
      }
    }
  ],
  "configuration_version": "1"
}